"EmpId","Attrition","StandardHours","HourlyRate","MonthlyIncome","PercentSalaryHike","StockOptionLevel","Age","DistanceFromHome","Education","EducationField","Gender","MaritalStatus","BusinessTravel","Department","JobLevel","JobRole","JobSatisfaction","NumCompaniesWorked","PerformanceRating","TotalWorkingYears","TrainingTimesLastYear","WorkLifeBalance","YearsAtCompany","YearsInCurrentRole","YearsSinceLastPromotion","YearsWithCurrManager","OverTime","MonthlyIncomeBins","EducationBins","JobSatisfactionBins","WorkLifeBalanceBins"
100001,"Yes",200,30,5993,11,0,41,1,2,"Life Sciences","Female","Single","Travel_Rarely","Sales","2","Sales Executive","4",8,"3",8,"0","1",6,4,0,5,"Yes","5K-8K","College","Very High","Bad"
100002,"No",200,26,5130,23,1,49,8,1,"Life Sciences","Male","Married","Travel_Frequently","Research & Development","2","Research Scientist","2",1,"4",10,"3","3",10,7,1,7,"No","5K-8K","Below College","Medium","Better"
100003,"Yes",200,10,2090,15,0,37,2,2,"Other","Male","Single","Travel_Rarely","Research & Development","1","Laboratory Technician","3",6,"3",7,"3","3",0,0,0,0,"Yes","0-3K","College","High","Better"
100004,"No",200,15,2909,11,0,33,3,4,"Life Sciences","Female","Married","Travel_Frequently","Research & Development","1","Research Scientist","3",1,"3",8,"3","3",8,7,3,0,"Yes","0-3K","Masters","High","Better"
100005,"No",200,17,3468,12,1,27,2,1,"Medical","Male","Married","Travel_Rarely","Research & Development","1","Laboratory Technician","2",9,"3",6,"3","3",2,2,2,2,"No","3K-5K","Below College","Medium","Better"
100006,"No",200,15,3068,13,0,32,2,2,"Life Sciences","Male","Single","Travel_Frequently","Research & Development","1","Laboratory Technician","4",0,"3",8,"2","2",7,7,3,6,"No","3K-5K","College","Very High","Good"
100007,"No",200,13,2670,20,3,59,3,3,"Medical","Female","Married","Travel_Rarely","Research & Development","1","Laboratory Technician","1",4,"4",12,"3","2",1,0,0,0,"Yes","0-3K","Bachelor","Low","Good"
100008,"No",200,13,2693,22,1,30,24,1,"Life Sciences","Male","Divorced","Travel_Rarely","Research & Development","1","Laboratory Technician","3",1,"4",1,"2","3",1,0,0,0,"No","0-3K","Below College","High","Better"
100009,"No",200,48,9526,21,0,38,23,3,"Life Sciences","Male","Single","Travel_Frequently","Research & Development","3","Manufacturing Director","3",0,"4",10,"2","3",9,7,1,8,"No","8K-12K","Bachelor","High","Better"
100010,"No",200,26,5237,13,2,36,27,3,"Medical","Male","Married","Travel_Rarely","Research & Development","2","Healthcare Representative","3",6,"3",17,"3","2",7,7,7,7,"No","5K-8K","Bachelor","High","Good"
100011,"No",200,12,2426,13,1,35,16,3,"Medical","Male","Married","Travel_Rarely","Research & Development","1","Laboratory Technician","2",0,"3",6,"5","3",5,4,0,3,"No","0-3K","Bachelor","Medium","Better"
100012,"No",200,21,4193,12,0,29,15,2,"Life Sciences","Female","Single","Travel_Rarely","Research & Development","2","Laboratory Technician","3",0,"3",10,"3","3",9,5,0,8,"Yes","3K-5K","College","High","Better"
100013,"No",200,15,2911,17,1,31,26,1,"Life Sciences","Male","Divorced","Travel_Rarely","Research & Development","1","Research Scientist","3",1,"3",5,"1","2",5,2,4,3,"No","0-3K","Below College","High","Good"
100014,"No",200,13,2661,11,1,34,19,2,"Medical","Male","Divorced","Travel_Rarely","Research & Development","1","Laboratory Technician","4",0,"3",3,"2","3",2,2,1,2,"No","0-3K","College","Very High","Better"
100015,"Yes",200,32.5483651226158,6677.14986376022,14,0,28,24,3,"Life Sciences","Male","Single","Travel_Rarely","Research & Development","1","Laboratory Technician","3",5,"3",6,"4","3",4,2,0,3,"Yes","5K-8K","Bachelor","High","Better"
100016,"No",200,50,9980,11,1,29,21,4,"Life Sciences","Female","Divorced","Travel_Rarely","Research & Development","3","Manufacturing Director","1",1,"3",10,"1","3",10,9,8,8,"No","8K-12K","Masters","Low","Better"
100017,"No",200,16,3298,12,2,32,5,2,"Life Sciences","Male","Divorced","Travel_Rarely","Research & Development","1","Research Scientist","2",0,"3",7,"5","2",6,2,0,5,"Yes","3K-5K","College","Medium","Good"
100018,"No",200,15,2935,13,2,22,16,2,"Medical","Male","Divorced","Non-Travel","Research & Development","1","Laboratory Technician","3",1,"3",1,"2","2",1,0,0,0,"Yes","0-3K","College","High","Good"
100019,"No",200,77,154270,16,0,53,2,4,"Life Sciences","Female","Married","Travel_Rarely","Sales","4","Manager","4",2,"3",31,"3","3",25,8,3,7,"No","12K+","Masters","Very High","Better"
100020,"No",200,20,3944,11,0,38,2,3,"Life Sciences","Male","Single","Travel_Rarely","Research & Development","1","Research Scientist","4",5,"3",6,"3","3",3,2,1,2,"Yes","3K-5K","Bachelor","Very High","Better"
100021,"No",200,20,4011,18,1,24,11,2,"Other","Female","Divorced","Non-Travel","Research & Development","2","Manufacturing Director","3",0,"3",5,"5","2",4,2,1,3,"No","3K-5K","College","High","Good"
100022,"Yes",200,17,3407,23,0,36,9,4,"Life Sciences","Male","Single","Travel_Rarely","Sales","1","Sales Representative","1",7,"4",10,"4","3",5,3,0,3,"No","3K-5K","Masters","Low","Better"
100023,"No",200,60,119940,11,0,34,7,4,"Life Sciences","Female","Single","Travel_Rarely","Research & Development","3","Research Director","2",0,"3",13,"4","3",12,6,2,11,"No","12K+","Masters","Medium","Better"
100024,"No",200,6,1232,14,0,21,15,2,"Life Sciences","Male","Single","Travel_Rarely","Research & Development","1","Research Scientist","4",1,"3",0,"6","3",0,0,0,0,"No","0-3K","College","Very High","Better"
100025,"Yes",200,15,2960,11,0,34,6,1,"Medical","Male","Single","Travel_Rarely","Research & Development","1","Research Scientist","1",2,"1",8,"2","3",4,2,1,3,"No","0-3K","Below College","Low","Better"
100026,"No",200,95,19094,11,1,53,5,3,"Other","Female","Divorced","Travel_Rarely","Research & Development","5","Manager","3",4,"3",26,"3","2",14,13,4,8,"No","12K+","Bachelor","High","Good"
100027,"Yes",200,20,3919,22,0,32,16,1,"Life Sciences","Female","Single","Travel_Frequently","Research & Development","1","Research Scientist","1",1,"1",10,"5","3",10,2,6,7,"Yes","3K-5K","Below College","Low","Better"
100028,"No",200,34,6825,11,1,42,8,4,"Marketing","Male","Married","Travel_Rarely","Sales","2","Sales Executive","2",0,"3",10,"2","3",9,7,4,2,"No","5K-8K","Masters","Medium","Better"
100029,"No",200,51,10248,14,1,44,7,4,"Medical","Female","Married","Travel_Rarely","Research & Development","3","Healthcare Representative","4",3,"3",24,"4","3",22,6,5,17,"No","8K-12K","Masters","Very High","Better"
100030,"No",200,95,18947,12,0,46,2,4,"Marketing","Female","Single","Travel_Rarely","Sales","5","Manager","1",3,"3",22,"2","2",2,2,2,1,"No","12K+","Masters","Low","Good"
100031,"No",200,12,2496,11,0,33,2,3,"Medical","Male","Single","Travel_Rarely","Research & Development","1","Laboratory Technician","4",4,"3",7,"3","3",1,1,0,0,"No","0-3K","Bachelor","Very High","Better"
100032,"No",200,32,6465,13,0,44,10,4,"Other","Male","Married","Travel_Rarely","Research & Development","2","Healthcare Representative","4",2,"3",9,"5","4",4,2,1,3,"Yes","5K-8K","Masters","Very High","Best"
100033,"No",200,11,2206,13,0,30,9,2,"Medical","Male","Single","Travel_Rarely","Research & Development","1","Laboratory Technician","3",1,"3",10,"5","3",10,0,1,8,"No","0-3K","College","High","Better"
100034,"Yes",200,10,2086,14,1,39,5,3,"Technical Degree","Male","Married","Travel_Rarely","Sales","2","Sales Representative","4",3,"3",19,"6","4",1,0,0,0,"No","0-3K","Bachelor","Very High","Best"
100035,"Yes",200,11,2293,16,1,24,1,3,"Medical","Male","Married","Travel_Rarely","Research & Development","1","Research Scientist","4",2,"3",6,"2","2",2,0,2,0,"Yes","0-3K","Bachelor","Very High","Good"
100036,"No",200,13,2645,12,2,43,2,2,"Medical","Female","Divorced","Travel_Rarely","Research & Development","1","Research Scientist","3",1,"3",6,"3","2",5,3,1,4,"No","0-3K","College","High","Good"
100037,"Yes",200,13,2683,14,0,50,3,2,"Marketing","Male","Married","Travel_Rarely","Sales","1","Sales Representative","3",1,"3",3,"2","3",3,2,0,2,"Yes","0-3K","College","High","Better"
100038,"No",200,32.5483651226158,6677.14986376022,13,0,35,2,3,"Marketing","Female","Married","Travel_Rarely","Sales","1","Sales Representative","4",1,"3",2,"3","3",2,2,2,2,"No","5K-8K","Bachelor","Very High","Better"
100039,"No",200,17,3419,14,1,36,5,4,"Life Sciences","Female","Married","Travel_Rarely","Research & Development","1","Research Scientist","1",9,"3",6,"3","4",1,1,0,0,"Yes","3K-5K","Masters","Low","Best"
100040,"No",200,27,5376,19,2,33,1,3,"Life Sciences","Female","Married","Travel_Frequently","Sales","2","Sales Executive","1",2,"3",10,"3","3",5,3,1,3,"No","5K-8K","Bachelor","Low","Better"
100041,"No",200,10,1951,12,1,35,4,2,"Other","Male","Divorced","Travel_Rarely","Research & Development","1","Laboratory Technician","4",1,"3",1,"3","3",1,0,0,0,"No","0-3K","College","Very High","Better"
100042,"No",200,12,2341,13,1,27,2,4,"Life Sciences","Female","Divorced","Travel_Rarely","Research & Development","1","Laboratory Technician","1",1,"3",1,"6","3",1,0,0,0,"No","0-3K","Masters","Low","Better"
100043,"Yes",200,11,2293,12,0,26,25,3,"Life Sciences","Male","Single","Travel_Rarely","Research & Development","1","Laboratory Technician","3",1,"3",1,"2","2",1,0,0,1,"No","0-3K","Bachelor","High","Good"
100044,"No",200,44,8726,15,0,27,8,3,"Life Sciences","Male","Single","Travel_Frequently","Sales","3","Sales Executive","3",1,"3",9,"0","3",9,8,1,7,"No","8K-12K","Bachelor","High","Better"
100045,"No",200,20,4011,23,0,30,1,2,"Medical","Female","Single","Travel_Frequently","Research & Development","2","Laboratory Technician","4",1,"4",12,"2","3",12,8,3,7,"No","3K-5K","College","Very High","Better"
100046,"Yes",200,98,19545,12,0,41,12,3,"Technical Degree","Female","Married","Travel_Rarely","Research & Development","5","Research Director","3",1,"3",23,"0","3",22,15,15,8,"No","12K+","Bachelor","High","Better"
100047,"No",200,23,4568,20,0,34,23,4,"Marketing","Male","Single","Non-Travel","Sales","2","Sales Executive","3",0,"4",10,"2","3",9,5,8,7,"No","3K-5K","Masters","High","Better"
100048,"No",200,15,3022,21,0,37,19,2,"Life Sciences","Male","Married","Travel_Rarely","Research & Development","1","Research Scientist","2",4,"4",8,"1","3",1,0,0,0,"No","3K-5K","College","Medium","Better"
100049,"No",200,29,5772,21,0,46,5,4,"Marketing","Male","Single","Travel_Frequently","Sales","2","Sales Executive","4",4,"4",14,"4","3",9,6,0,8,"Yes","5K-8K","Masters","Very High","Better"
100050,"No",200,11,2269,19,0,35,8,1,"Life Sciences","Male","Married","Travel_Rarely","Research & Development","1","Laboratory Technician","4",1,"3",1,"2","3",1,0,0,1,"No","0-3K","Below College","Very High","Better"
100051,"Yes",200,27,5381,13,0,48,1,2,"Life Sciences","Male","Single","Travel_Rarely","Research & Development","3","Laboratory Technician","3",9,"3",23,"2","3",1,0,0,0,"Yes","5K-8K","College","High","Better"
100052,"Yes",200,17,3441,13,0,28,5,4,"Technical Degree","Male","Single","Travel_Rarely","Research & Development","1","Laboratory Technician","3",1,"3",2,"3","2",2,2,2,2,"Yes","3K-5K","Masters","High","Good"
100053,"No",200,27,5454,21,1,44,1,5,"Marketing","Female","Divorced","Travel_Rarely","Sales","2","Sales Executive","1",4,"4",9,"2","2",4,3,1,3,"Yes","5K-8K","Doctor","Low","Good"
100054,"No",200,49,9884,13,1,35,11,2,"Medical","Male","Married","Non-Travel","Research & Development","3","Healthcare Representative","1",2,"3",10,"3","3",4,0,2,3,"Yes","8K-12K","College","Low","Better"
100055,"No",200,21,4157,19,1,26,23,3,"Marketing","Female","Married","Travel_Rarely","Sales","2","Sales Executive","4",7,"3",5,"2","2",2,2,0,0,"Yes","3K-5K","Bachelor","Very High","Good"
100056,"No",200,67,13458,12,0,33,1,2,"Life Sciences","Female","Single","Travel_Frequently","Research & Development","3","Research Director","4",1,"3",15,"1","3",15,14,8,12,"Yes","12K+","College","Very High","Better"
100057,"No",200,45,9069,22,1,35,18,5,"Life Sciences","Male","Married","Travel_Frequently","Sales","3","Sales Executive","1",1,"4",9,"3","2",9,8,1,8,"No","8K-12K","Doctor","Low","Good"
100058,"No",200,20,4014,15,1,35,23,4,"Medical","Female","Married","Travel_Rarely","Research & Development","1","Laboratory Technician","1",3,"3",4,"3","3",2,2,2,2,"Yes","3K-5K","Masters","Low","Better"
100059,"No",200,30,5915,22,1,31,7,4,"Life Sciences","Male","Divorced","Travel_Rarely","Research & Development","2","Laboratory Technician","4",3,"4",10,"3","2",7,7,1,7,"No","5K-8K","Masters","Very High","Good"
100060,"No",200,30,5993,18,1,37,1,4,"Life Sciences","Male","Divorced","Travel_Rarely","Research & Development","2","Manufacturing Director","3",1,"3",7,"2","4",7,5,0,7,"No","5K-8K","Masters","High","Best"
100061,"No",200,31,6162,22,1,32,1,3,"Medical","Male","Married","Travel_Rarely","Research & Development","2","Manufacturing Director","4",1,"4",9,"3","3",9,8,7,8,"Yes","5K-8K","Bachelor","Very High","Better"
100062,"No",200,12,2406,11,0,38,29,5,"Life Sciences","Female","Single","Travel_Frequently","Research & Development","2","Laboratory Technician","4",1,"3",10,"2","3",10,3,9,9,"No","0-3K","Doctor","Very High","Better"
100063,"No",200,94,18740,12,1,50,7,2,"Medical","Female","Divorced","Travel_Rarely","Research & Development","5","Research Director","3",5,"3",29,"2","2",27,3,13,8,"Yes","12K+","College","High","Good"
100064,"No",200,38,7637,11,0,59,25,3,"Life Sciences","Female","Single","Travel_Rarely","Sales","3","Sales Executive","1",7,"1",28,"3","2",21,16,7,9,"No","5K-8K","Bachelor","Low","Good"
100065,"No",200,50,10096,13,3,36,8,3,"Technical Degree","Female","Divorced","Travel_Rarely","Research & Development","3","Healthcare Representative","3",1,"3",17,"2","3",17,14,12,8,"No","8K-12K","Bachelor","High","Better"
100066,"No",200,74,14756,14,3,55,8,3,"Medical","Female","Divorced","Travel_Rarely","Research & Development","4","Manager","3",2,"3",21,"2","3",5,0,0,2,"Yes","12K+","Bachelor","High","Better"
100067,"No",200,32,6499,13,0,36,11,3,"Life Sciences","Male","Single","Travel_Frequently","Research & Development","2","Manufacturing Director","2",1,"1",6,"3","3",6,5,0,3,"No","5K-8K","Bachelor","Medium","Better"
100068,"No",200,49,9724,17,1,45,7,3,"Life Sciences","Male","Divorced","Travel_Rarely","Research & Development","3","Research Scientist","1",2,"3",25,"2","3",1,0,0,0,"No","8K-12K","Bachelor","Low","Better"
100069,"No",200,11,2194,13,1,35,1,3,"Medical","Male","Married","Travel_Frequently","Research & Development","1","Research Scientist","1",4,"3",5,"2","2",3,2,1,2,"No","0-3K","Bachelor","Low","Good"
100070,"Yes",200,17,3388,17,1,36,9,3,"Medical","Male","Married","Travel_Rarely","Research & Development","1","Research Scientist","3",0,"3",2,"0","2",1,0,0,0,"Yes","3K-5K","Bachelor","High","Good"
100071,"No",200,27,5473,11,0,59,1,1,"Life Sciences","Female","Single","Travel_Frequently","Sales","2","Sales Executive","3",7,"3",20,"2","2",4,3,1,3,"No","5K-8K","Below College","High","Good"
100072,"No",200,14,2703,23,1,29,2,3,"Life Sciences","Male","Married","Travel_Rarely","Research & Development","1","Research Scientist","2",0,"4",6,"3","3",5,4,0,4,"No","0-3K","Bachelor","Medium","Better"
100073,"No",200,13,2501,17,0,31,1,4,"Medical","Male","Single","Travel_Rarely","Research & Development","1","Research Scientist","2",1,"3",1,"4","3",1,1,1,0,"No","0-3K","Masters","Medium","Better"
100074,"No",200,31,6220,17,2,32,1,3,"Life Sciences","Male","Married","Travel_Rarely","Research & Development","2","Research Scientist","2",1,"3",10,"3","3",10,4,0,9,"No","5K-8K","Bachelor","Medium","Better"
100075,"No",200,15,3038,12,0,36,6,3,"Life Sciences","Female","Married","Travel_Rarely","Research & Development","1","Laboratory Technician","4",3,"3",5,"3","3",1,0,0,0,"No","3K-5K","Bachelor","Very High","Better"
100076,"No",200,22,4424,23,0,31,8,4,"Life Sciences","Female","Single","Travel_Rarely","Research & Development","2","Manufacturing Director","4",1,"4",11,"2","3",11,7,1,8,"No","3K-5K","Masters","Very High","Better"
100077,"No",200,22,4312,14,0,35,1,4,"Marketing","Male","Single","Travel_Rarely","Sales","2","Sales Executive","1",0,"2",16,"2","3",15,13,2,8,"No","3K-5K","Masters","Low","Better"
100078,"No",200,66,13245,14,0,45,6,4,"Other","Male","Married","Travel_Rarely","Research & Development","3","Research Director","1",4,"3",17,"3","4",0,0,0,0,"Yes","12K+","Masters","Low","Best"
100079,"No",200,68,13664,13,0,37,7,4,"Medical","Male","Single","Travel_Rarely","Research & Development","3","Research Director","3",4,"3",16,"3","4",5,2,0,2,"No","12K+","Masters","High","Best"
100080,"No",200,25,5021,22,1,46,5,2,"Medical","Male","Divorced","Travel_Rarely","Human Resources","2","Human Resources","2",8,"4",16,"2","3",4,2,0,2,"Yes","5K-8K","College","Medium","Better"
100081,"No",200,26,5126,12,2,30,1,1,"Life Sciences","Male","Married","Travel_Rarely","Research & Development","2","Laboratory Technician","4",1,"3",10,"1","2",10,8,3,0,"Yes","5K-8K","Below College","Very High","Good"
100082,"No",200,14,2859,18,0,35,1,3,"Medical","Male","Single","Travel_Rarely","Research & Development","1","Research Scientist","3",1,"3",6,"3","3",6,4,0,4,"No","0-3K","Bachelor","High","Better"
100083,"No",200,51,10239,14,1,55,1,2,"Life Sciences","Male","Married","Travel_Rarely","Sales","3","Sales Executive","4",3,"3",24,"4","3",1,0,1,0,"No","8K-12K","College","Very High","Better"
100084,"No",200,27,5329,12,3,38,6,3,"Medical","Female","Divorced","Non-Travel","Research & Development","2","Research Scientist","4",7,"3",17,"3","3",13,11,1,9,"Yes","5K-8K","Bachelor","Very High","Better"
100085,"No",200,22,4325,15,0,34,1,2,"Medical","Male","Married","Travel_Rarely","Research & Development","2","Manufacturing Director","2",1,"2",5,"2","3",5,2,1,3,"No","3K-5K","College","Medium","Better"
100086,"No",200,36,7260,11,0,56,7,3,"Life Sciences","Male","Single","Travel_Rarely","Research & Development","3","Manufacturing Director","4",4,"3",37,"3","2",6,4,0,2,"No","5K-8K","Bachelor","Very High","Good"
100087,"No",200,12,2322,13,1,23,2,1,"Technical Degree","Male","Divorced","Travel_Rarely","Sales","1","Sales Representative","1",3,"3",3,"3","3",0,0,0,0,"No","0-3K","Below College","Low","Better"
100088,"No",200,10,2075,23,2,51,9,4,"Life Sciences","Male","Married","Travel_Rarely","Research & Development","1","Laboratory Technician","4",3,"4",10,"4","3",4,2,0,3,"No","0-3K","Masters","Very High","Better"
100089,"No",200,21,4152,19,3,30,2,3,"Life Sciences","Male","Married","Travel_Rarely","Research & Development","2","Healthcare Representative","4",1,"3",11,"3","3",11,10,10,8,"No","3K-5K","Bachelor","Very High","Better"
100090,"Yes",200,48,9619,16,0,46,9,2,"Medical","Male","Single","Travel_Rarely","Sales","3","Sales Executive","4",1,"3",9,"3","3",9,8,4,7,"No","8K-12K","College","Very High","Better"
100091,"No",200,68,13503,22,1,40,1,4,"Life Sciences","Male","Married","Travel_Frequently","Research & Development","4","Healthcare Representative","2",1,"2",22,"3","2",22,3,11,11,"No","12K+","Masters","Medium","Good"
100092,"No",200,27,5441,22,0,51,21,4,"Marketing","Male","Single","Travel_Rarely","Sales","2","Sales Executive","4",0,"4",11,"2","1",10,7,1,0,"Yes","5K-8K","Masters","Very High","Bad"
100093,"No",200,26,5209,12,3,30,4,2,"Medical","Female","Divorced","Travel_Rarely","Sales","2","Sales Executive","2",1,"3",11,"4","2",11,8,2,7,"Yes","5K-8K","College","Medium","Good"
100094,"No",200,53,10673,13,1,46,1,3,"Medical","Male","Married","Travel_Frequently","Research & Development","3","Healthcare Representative","1",2,"2",21,"5","2",10,9,9,5,"Yes","8K-12K","Bachelor","Low","Good"
100095,"No",200,25,5010,16,0,32,6,4,"Medical","Male","Single","Travel_Rarely","Sales","2","Sales Executive","3",1,"3",12,"0","3",11,8,5,7,"No","5K-8K","Masters","High","Better"
100096,"No",200,68,13549,12,1,54,2,4,"Technical Degree","Female","Married","Travel_Rarely","Research & Development","3","Research Director","3",9,"3",16,"5","1",4,3,0,3,"No","12K+","Masters","High","Bad"
100097,"No",200,25,4999,21,1,24,3,2,"Other","Female","Married","Travel_Rarely","Sales","2","Sales Executive","3",0,"4",4,"2","2",3,2,0,2,"No","3K-5K","College","High","Good"
100098,"No",200,21,4221,15,0,28,4,3,"Medical","Male","Married","Non-Travel","Sales","2","Sales Executive","3",1,"3",5,"3","4",5,4,0,4,"No","3K-5K","Bachelor","High","Best"
100099,"No",200,69,13872,13,0,58,10,4,"Medical","Male","Single","Travel_Rarely","Sales","4","Sales Executive","3",0,"3",38,"1","2",37,10,1,8,"No","12K+","Masters","High","Good"
100100,"No",200,10,2042,12,1,44,23,3,"Medical","Male","Married","Non-Travel","Research & Development","2","Laboratory Technician","2",4,"3",17,"3","4",3,2,1,2,"No","0-3K","Bachelor","Medium","Best"
100101,"Yes",200,10,2073,22,0,37,6,4,"Human Resources","Male","Divorced","Travel_Rarely","Human Resources","1","Human Resources","1",4,"4",7,"3","3",3,2,0,2,"Yes","0-3K","Masters","Low","Better"
100102,"No",200,15,2956,13,0,32,1,1,"Life Sciences","Male","Single","Travel_Rarely","Research & Development","1","Research Scientist","1",1,"1",1,"2","3",1,0,0,0,"No","0-3K","Below College","Low","Better"
100103,"Yes",200,15,2926,18,0,20,6,3,"Life Sciences","Female","Single","Travel_Frequently","Research & Development","1","Laboratory Technician","4",1,"3",1,"5","3",1,0,1,0,"Yes","0-3K","Bachelor","Very High","Better"
100104,"No",200,24,4809,14,0,34,6,4,"Other","Female","Single","Travel_Rarely","Research & Development","2","Research Scientist","3",1,"3",16,"3","3",16,13,2,10,"No","3K-5K","Masters","High","Better"
100105,"No",200,26,5163,14,1,37,2,2,"Life Sciences","Male","Divorced","Non-Travel","Research & Development","2","Healthcare Representative","4",5,"3",17,"2","4",1,0,0,0,"No","5K-8K","College","Very High","Best"
100106,"No",200,94,18844,21,1,59,2,4,"Human Resources","Female","Married","Non-Travel","Human Resources","5","Manager","4",9,"4",30,"3","3",3,2,2,2,"No","12K+","Masters","Very High","Better"
100107,"No",200,91,18172,19,0,50,1,3,"Life Sciences","Female","Married","Travel_Frequently","Research & Development","5","Research Director","2",3,"3",28,"1","2",8,3,0,7,"Yes","12K+","Bachelor","Medium","Good"
100108,"Yes",200,29,5744,11,0,25,5,3,"Marketing","Male","Single","Travel_Rarely","Sales","2","Sales Executive","2",1,"3",6,"1","3",6,4,0,3,"Yes","5K-8K","Bachelor","Medium","Better"
100109,"No",200,14,2889,11,2,25,7,1,"Medical","Male","Married","Travel_Rarely","Research & Development","1","Research Scientist","4",1,"3",2,"2","3",2,2,2,1,"No","0-3K","Below College","Very High","Better"
100110,"No",200,14,2871,15,0,22,15,3,"Medical","Female","Single","Travel_Rarely","Research & Development","1","Laboratory Technician","4",1,"3",1,"5","3",0,0,0,0,"No","0-3K","Bachelor","Very High","Better"
100111,"No",200,37,7484,20,0,51,1,4,"Medical","Female","Single","Travel_Frequently","Research & Development","3","Healthcare Representative","1",3,"2",23,"1","2",13,12,12,8,"No","5K-8K","Masters","Low","Good"
100112,"Yes",200,30,6074,24,0,34,7,3,"Life Sciences","Male","Single","Travel_Frequently","Research & Development","2","Laboratory Technician","3",1,"4",9,"3","3",9,7,0,6,"Yes","5K-8K","Bachelor","High","Better"
100113,"No",200,87,17328,12,0,54,26,3,"Human Resources","Female","Single","Non-Travel","Human Resources","4","Manager","4",2,"3",23,"3","3",5,3,4,4,"Yes","12K+","Bachelor","Very High","Better"
100114,"No",200,14,2774,12,1,24,18,1,"Life Sciences","Male","Married","Travel_Rarely","Research & Development","1","Laboratory Technician","3",0,"3",6,"2","3",5,3,1,2,"No","0-3K","Below College","High","Better"
100115,"No",200,23,4505,15,1,34,6,4,"Life Sciences","Female","Divorced","Travel_Rarely","Research & Development","2","Research Scientist","2",6,"3",12,"3","3",1,0,0,0,"No","3K-5K","Masters","Medium","Better"
100116,"No",200,37,7428,12,0,37,3,3,"Life Sciences","Male","Single","Travel_Rarely","Sales","3","Sales Executive","4",2,"3",12,"3","3",5,3,1,3,"No","5K-8K","Bachelor","Very High","Better"
100117,"No",200,58,11631,12,0,34,5,3,"Medical","Female","Single","Travel_Rarely","Research & Development","3","Manager","1",2,"3",14,"6","3",11,10,5,8,"No","8K-12K","Bachelor","Low","Better"
100118,"No",200,49,9738,14,1,36,11,2,"Technical Degree","Female","Married","Travel_Frequently","Sales","3","Sales Executive","4",0,"3",10,"6","3",9,7,2,8,"No","8K-12K","College","Very High","Better"
100119,"No",200,14,2835,22,1,36,3,2,"Life Sciences","Female","Divorced","Travel_Rarely","Research & Development","1","Laboratory Technician","4",5,"4",7,"2","3",1,0,0,0,"No","0-3K","College","Very High","Better"
100120,"No",200,85,16959,12,2,43,26,2,"Life Sciences","Male","Married","Travel_Frequently","Sales","4","Manager","4",1,"3",25,"3","4",25,12,4,12,"Yes","12K+","College","Very High","Best"
100121,"No",200,13,2613,25,3,30,23,3,"Life Sciences","Male","Divorced","Travel_Frequently","Research & Development","1","Research Scientist","3",1,"4",10,"2","2",10,7,0,9,"No","0-3K","Bachelor","High","Good"
100122,"No",200,31,6146,13,1,33,22,2,"Marketing","Male","Married","Non-Travel","Sales","2","Sales Executive","2",0,"3",8,"2","4",7,7,0,7,"No","5K-8K","College","Medium","Best"
100123,"Yes",200,25,4963,18,3,56,14,4,"Life Sciences","Female","Married","Travel_Rarely","Research & Development","1","Research Scientist","2",9,"3",7,"2","3",5,4,4,3,"Yes","3K-5K","Masters","Medium","Better"
100124,"No",200,98,19537,13,0,51,6,3,"Life Sciences","Male","Single","Travel_Rarely","Research & Development","5","Research Director","3",7,"3",23,"5","3",20,18,15,15,"No","12K+","Bachelor","High","Better"
100125,"Yes",200,31,6172,18,0,31,6,4,"Life Sciences","Male","Married","Travel_Rarely","Sales","2","Sales Executive","3",4,"3",12,"3","2",7,7,7,7,"Yes","5K-8K","Masters","High","Good"
100126,"No",200,12,2368,19,0,26,6,3,"Other","Female","Married","Travel_Rarely","Research & Development","1","Research Scientist","2",1,"2",5,"3","2",5,4,4,3,"No","0-3K","Bachelor","Medium","Good"
100127,"Yes",200,52,10312,12,1,58,23,4,"Medical","Female","Married","Travel_Rarely","Research & Development","3","Healthcare Representative","4",1,"3",40,"3","2",40,10,15,6,"No","8K-12K","Masters","Very High","Good"
100128,"Yes",200,8,1675,19,0,19,22,1,"Marketing","Male","Single","Travel_Rarely","Sales","1","Sales Representative","3",1,"3",0,"2","2",0,0,0,0,"Yes","0-3K","Below College","High","Good"
100129,"No",200,13,2523,14,1,22,2,1,"Technical Degree","Male","Married","Travel_Rarely","Research & Development","1","Laboratory Technician","4",0,"3",3,"2","3",2,1,2,1,"No","0-3K","Below College","Very High","Better"
100130,"No",200,33,6567,14,0,49,20,4,"Medical","Female","Married","Travel_Rarely","Research & Development","2","Manufacturing Director","1",1,"2",16,"2","2",15,11,5,11,"No","5K-8K","Masters","Low","Good"
100131,"No",200,24,4739,12,0,43,28,3,"Medical","Female","Single","Travel_Frequently","Research & Development","1","Research Scientist","3",4,"3",18,"2","3",3,2,1,2,"No","3K-5K","Bachelor","High","Better"
100132,"No",200,46,9208,11,0,50,12,3,"Marketing","Female","Single","Travel_Frequently","Sales","3","Sales Executive","4",4,"3",16,"3","3",2,2,2,1,"No","8K-12K","Bachelor","Very High","Better"
100133,"Yes",200,23,4559,11,1,31,20,3,"Life Sciences","Female","Married","Travel_Rarely","Sales","2","Sales Executive","3",3,"3",4,"2","3",2,2,2,2,"Yes","3K-5K","Bachelor","High","Better"
100134,"No",200,41,8189,13,1,41,9,1,"Life Sciences","Male","Divorced","Travel_Rarely","Sales","3","Sales Executive","3",3,"3",12,"2","3",9,7,0,7,"Yes","8K-12K","Below College","High","Better"
100135,"No",200,15,2942,23,1,26,25,1,"Life Sciences","Female","Married","Travel_Rarely","Human Resources","1","Human Resources","3",1,"4",8,"3","3",8,7,5,7,"No","0-3K","Below College","High","Better"
100136,"No",200,25,4941,20,2,36,6,2,"Medical","Male","Divorced","Travel_Rarely","Research & Development","2","Manufacturing Director","2",6,"4",7,"0","3",3,2,0,1,"No","3K-5K","College","Medium","Better"
100137,"Yes",200,53,10650,15,0,51,8,4,"Life Sciences","Male","Single","Travel_Frequently","Research & Development","3","Manufacturing Director","4",2,"3",18,"2","3",4,2,0,3,"No","8K-12K","Masters","Very High","Better"
100138,"No",200,30,5902,14,1,39,4,4,"Life Sciences","Female","Married","Travel_Rarely","Sales","2","Sales Executive","3",4,"3",17,"1","4",15,11,5,9,"No","5K-8K","Masters","High","Best"
100139,"No",200,43,8639,18,0,25,28,3,"Life Sciences","Male","Married","Travel_Rarely","Sales","2","Sales Executive","3",2,"3",6,"3","3",2,2,2,2,"No","8K-12K","Bachelor","High","Better"
100140,"No",200,32,6347,19,0,30,9,3,"Human Resources","Male","Married","Travel_Rarely","Human Resources","2","Human Resources","4",0,"3",12,"2","1",11,9,4,7,"Yes","5K-8K","Bachelor","Very High","Bad"
100141,"Yes",200,21,4200,22,0,32,9,3,"Medical","Female","Single","Travel_Rarely","Research & Development","1","Laboratory Technician","1",7,"4",10,"2","4",5,4,0,4,"No","3K-5K","Bachelor","Low","Best"
100142,"No",200,17,3452,13,0,45,29,3,"Medical","Male","Single","Travel_Rarely","Research & Development","1","Research Scientist","4",5,"3",9,"2","2",6,5,0,3,"No","3K-5K","Bachelor","Very High","Good"
100143,"No",200,22,4317,20,0,38,3,5,"Technical Degree","Female","Single","Travel_Rarely","Research & Development","2","Research Scientist","3",3,"4",19,"2","3",3,2,2,2,"Yes","3K-5K","Doctor","High","Better"
100144,"No",200,13,2632,14,0,30,18,3,"Life Sciences","Female","Single","Travel_Rarely","Research & Development","1","Research Scientist","3",1,"3",5,"4","2",5,4,0,4,"No","0-3K","Bachelor","High","Good"
100145,"No",200,23,4668,17,3,32,9,2,"Medical","Male","Divorced","Travel_Frequently","Sales","2","Sales Executive","4",0,"3",9,"2","4",8,7,0,7,"No","3K-5K","College","Very High","Best"
100146,"No",200,16,3204,14,1,30,5,3,"Technical Degree","Female","Divorced","Travel_Rarely","Research & Development","1","Research Scientist","1",5,"3",8,"3","3",3,2,2,2,"No","3K-5K","Bachelor","Low","Better"
100147,"No",200,14,2720,13,0,30,2,1,"Medical","Male","Single","Travel_Rarely","Research & Development","1","Laboratory Technician","4",0,"3",6,"3","3",5,3,1,2,"No","0-3K","Below College","Very High","Better"
100148,"No",200,86,17181,13,1,41,10,3,"Life Sciences","Male","Divorced","Travel_Frequently","Research & Development","4","Manager","1",4,"1",21,"2","2",7,6,7,7,"No","12K+","Bachelor","Low","Good"
100149,"No",200,11,2238,21,1,41,9,4,"Life Sciences","Male","Married","Travel_Rarely","Research & Development","1","Laboratory Technician","1",2,"4",7,"2","3",5,0,1,4,"No","0-3K","Masters","Low","Better"
100150,"No",200,7,1483,14,0,19,3,1,"Medical","Female","Single","Travel_Rarely","Research & Development","1","Laboratory Technician","2",1,"2",1,"3","3",1,0,0,0,"No","0-3K","Below College","Medium","Better"
100151,"No",200,28,5605,11,1,40,26,3,"Medical","Female","Divorced","Travel_Frequently","Research & Development","2","Research Scientist","2",1,"3",20,"2","3",20,7,2,13,"No","5K-8K","Bachelor","Medium","Better"
100152,"No",200,36,7295,13,2,35,1,5,"Marketing","Male","Married","Travel_Rarely","Sales","3","Sales Executive","2",1,"3",10,"3","3",10,8,0,6,"No","5K-8K","Doctor","Medium","Better"
100153,"No",200,12,2306,20,1,53,6,2,"Marketing","Male","Married","Travel_Rarely","Sales","2","Sales Representative","3",2,"4",13,"3","1",7,7,4,5,"Yes","0-3K","College","High","Bad"
100154,"No",200,12,2348,18,1,45,9,3,"Life Sciences","Male","Divorced","Travel_Rarely","Research & Development","2","Laboratory Technician","2",8,"3",20,"2","1",17,9,0,15,"No","0-3K","Bachelor","Medium","Bad"
100155,"No",200,45,8998,14,0,32,8,3,"Marketing","Female","Single","Travel_Frequently","Sales","3","Sales Executive","4",1,"3",9,"2","3",9,8,3,7,"No","8K-12K","Bachelor","Very High","Better"
100156,"No",200,22,4319,13,1,29,1,1,"Technical Degree","Male","Married","Non-Travel","Research & Development","2","Manufacturing Director","3",1,"3",10,"1","3",10,7,0,9,"No","3K-5K","Below College","High","Better"
100157,"No",200,31,6132,17,0,51,7,4,"Medical","Male","Married","Travel_Rarely","Research & Development","2","Manufacturing Director","3",2,"3",10,"2","3",1,0,0,0,"No","5K-8K","Masters","High","Better"
100158,"No",200,17,3346,20,1,58,9,3,"Medical","Female","Married","Travel_Rarely","Research & Development","1","Research Scientist","2",4,"4",9,"3","2",1,0,0,0,"Yes","3K-5K","Bachelor","Medium","Good"
100159,"No",200,54,10855,11,1,40,4,4,"Marketing","Male","Married","Travel_Rarely","Sales","3","Sales Executive","4",7,"3",15,"2","2",12,11,2,11,"No","8K-12K","Masters","Very High","Good"
100160,"No",200,11,2231,18,1,34,2,4,"Marketing","Female","Married","Travel_Frequently","Sales","1","Sales Representative","3",6,"3",6,"3","3",4,3,1,2,"No","0-3K","Masters","High","Better"
100161,"No",200,12,2323,24,2,22,19,1,"Medical","Male","Married","Travel_Rarely","Research & Development","1","Research Scientist","4",1,"4",2,"6","3",2,2,2,2,"No","0-3K","Below College","Very High","Better"
100162,"No",200,10,2024,18,1,27,9,3,"Medical","Male","Divorced","Non-Travel","Research & Development","1","Research Scientist","2",6,"3",6,"1","1",2,2,2,2,"No","0-3K","Bachelor","Medium","Bad"
100163,"No",200,14,2713,11,1,28,21,3,"Medical","Male","Married","Travel_Rarely","Research & Development","1","Research Scientist","4",1,"3",5,"2","1",5,2,0,2,"No","0-3K","Bachelor","Very High","Bad"
100164,"No",200,47,9439,16,1,57,24,2,"Life Sciences","Male","Divorced","Travel_Rarely","Research & Development","3","Healthcare Representative","4",3,"3",12,"2","1",5,3,1,4,"Yes","8K-12K","College","Very High","Bad"
100165,"No",200,13,2566,15,1,27,3,3,"Medical","Male","Divorced","Non-Travel","Research & Development","1","Research Scientist","3",1,"3",1,"2","2",1,1,0,1,"Yes","0-3K","Bachelor","High","Good"
100166,"No",200,100,19926,15,0,50,11,3,"Life Sciences","Female","Single","Travel_Rarely","Research & Development","5","Manager","2",3,"3",21,"5","3",5,4,4,4,"No","12K+","Bachelor","Medium","Better"
100167,"No",200,12,2451,12,1,41,14,3,"Life Sciences","Male","Divorced","Travel_Rarely","Research & Development","1","Research Scientist","3",4,"3",13,"2","3",9,8,1,8,"No","0-3K","Bachelor","High","Better"
100168,"No",200,47,9419,12,1,30,5,3,"Life Sciences","Female","Married","Travel_Rarely","Sales","3","Sales Executive","4",2,"3",12,"2","3",10,9,7,4,"No","8K-12K","Bachelor","Very High","Better"
100169,"No",200,43,8686,22,0,38,1,4,"Life Sciences","Female","Single","Travel_Rarely","Sales","2","Sales Executive","4",4,"4",12,"2","4",8,3,0,7,"No","8K-12K","Masters","Very High","Best"
100170,"No",200,15,3038,20,0,32,6,5,"Life Sciences","Male","Single","Travel_Rarely","Research & Development","1","Research Scientist","3",3,"4",8,"2","3",5,4,1,4,"No","3K-5K","Doctor","High","Better"
100171,"No",200,15,3058,16,1,27,17,3,"Technical Degree","Male","Married","Travel_Rarely","Research & Development","1","Research Scientist","2",0,"3",6,"3","2",5,2,1,1,"Yes","3K-5K","Bachelor","Medium","Good"
100172,"Yes",200,12,2325,21,0,19,1,1,"Technical Degree","Female","Single","Travel_Frequently","Sales","1","Sales Representative","1",0,"4",1,"5","4",0,0,0,0,"No","0-3K","Below College","Low","Best"
100173,"No",200,10,2088,12,0,36,3,2,"Medical","Male","Single","Travel_Frequently","Research & Development","1","Laboratory Technician","2",4,"1",13,"3","2",8,7,7,2,"No","0-3K","College","Medium","Good"
100174,"No",200,15,3072,11,2,30,9,3,"Medical","Male","Divorced","Non-Travel","Research & Development","2","Laboratory Technician","1",1,"3",12,"4","3",12,9,6,10,"No","3K-5K","Bachelor","Low","Better"
100175,"No",200,25,5006,11,1,45,4,2,"Life Sciences","Female","Divorced","Travel_Rarely","Sales","2","Sales Executive","1",4,"3",9,"3","4",5,4,0,3,"Yes","5K-8K","College","Low","Best"
100176,"No",200,21,4257,18,1,56,8,3,"Life Sciences","Female","Divorced","Travel_Rarely","Research & Development","1","Research Scientist","1",4,"3",19,"3","3",2,2,2,2,"Yes","3K-5K","Bachelor","Low","Better"
100177,"No",200,13,2500,14,0,33,2,3,"Life Sciences","Male","Single","Travel_Rarely","Research & Development","1","Research Scientist","4",0,"3",4,"2","4",3,1,0,2,"No","0-3K","Bachelor","Very High","Best"
100178,"Yes",200,6,1102,22,0,19,2,3,"Life Sciences","Male","Single","Travel_Rarely","Research & Development","1","Laboratory Technician","4",1,"4",1,"3","2",1,0,1,0,"No","0-3K","Bachelor","Very High","Good"
100179,"No",200,52,10453,25,3,46,1,2,"Marketing","Female","Divorced","Travel_Rarely","Sales","3","Sales Executive","1",1,"3",24,"2","3",24,13,15,7,"No","8K-12K","College","Low","Better"
100180,"No",200,11,2288,12,0,38,9,2,"Life Sciences","Female","Single","Travel_Rarely","Research & Development","1","Laboratory Technician","4",1,"3",2,"3","3",2,2,2,1,"No","0-3K","College","Very High","Better"
100181,"No",200,20,3929,23,1,31,12,1,"Medical","Female","Married","Travel_Rarely","Research & Development","1","Research Scientist","4",8,"4",7,"0","3",4,2,0,2,"Yes","3K-5K","Below College","Very High","Better"
100182,"No",200,12,2311,15,0,34,27,2,"Medical","Female","Single","Travel_Rarely","Research & Development","1","Research Scientist","2",2,"2",9,"3","3",3,2,1,2,"No","0-3K","College","Medium","Better"
100183,"Yes",200,16,3140,22,0,41,20,2,"Marketing","Female","Single","Travel_Rarely","Sales","1","Sales Representative","2",1,"4",4,"5","2",4,3,0,2,"Yes","3K-5K","College","Medium","Good"
100184,"No",200,18,3690,15,1,50,1,3,"Medical","Male","Married","Travel_Rarely","Research & Development","1","Laboratory Technician","3",2,"3",5,"2","2",3,2,0,2,"No","3K-5K","Bachelor","High","Good"
100185,"No",200,22,4450,11,2,53,13,2,"Medical","Female","Divorced","Travel_Rarely","Research & Development","2","Manufacturing Director","1",1,"3",5,"3","3",4,2,1,3,"No","3K-5K","College","Low","Better"
100186,"No",200,14,2756,13,1,33,14,3,"Medical","Female","Married","Travel_Rarely","Research & Development","1","Research Scientist","2",1,"3",8,"5","3",8,7,1,6,"No","0-3K","Bachelor","Medium","Better"
100187,"No",200,95,19033,14,1,40,4,1,"Medical","Female","Married","Travel_Rarely","Research & Development","5","Manager","3",1,"3",21,"2","3",20,8,9,9,"No","12K+","Below College","High","Better"
100188,"No",200,94,18722,11,0,55,14,4,"Medical","Male","Single","Travel_Rarely","Research & Development","5","Research Director","2",8,"3",36,"3","3",24,15,2,15,"No","12K+","Masters","Medium","Better"
100189,"No",200,48,9547,17,0,34,2,1,"Life Sciences","Male","Married","Travel_Frequently","Research & Development","2","Manufacturing Director","3",1,"3",10,"2","2",10,9,1,9,"No","8K-12K","Below College","High","Good"
100190,"No",200,69,13734,18,0,51,3,3,"Medical","Female","Single","Travel_Rarely","Research & Development","4","Healthcare Representative","2",3,"3",21,"6","3",7,7,1,0,"No","12K+","Bachelor","Medium","Better"
100191,"No",200,100,19999,14,1,52,1,4,"Life Sciences","Male","Married","Travel_Rarely","Research & Development","5","Manager","3",0,"3",34,"5","3",33,18,11,9,"No","12K+","Masters","High","Better"
100192,"No",200,11,2279,16,0,27,9,3,"Medical","Female","Single","Travel_Rarely","Research & Development","1","Research Scientist","2",1,"3",7,"2","2",7,7,0,3,"No","0-3K","Bachelor","Medium","Good"
100193,"Yes",200,30,5916,13,0,35,23,2,"Life Sciences","Male","Married","Travel_Rarely","Research & Development","2","Manufacturing Director","3",3,"3",8,"1","3",1,0,0,1,"Yes","5K-8K","College","High","Better"
100194,"No",200,10,2089,14,3,43,7,3,"Medical","Male","Divorced","Non-Travel","Research & Development","1","Research Scientist","4",4,"3",7,"3","4",5,4,2,2,"No","0-3K","Bachelor","Very High","Best"
100195,"No",200,84,16792,23,1,45,2,2,"Medical","Male","Married","Non-Travel","Research & Development","4","Manager","4",9,"4",22,"1","3",20,8,11,8,"No","12K+","College","Very High","Better"
100196,"No",200,18,3564,12,1,37,21,3,"Life Sciences","Male","Married","Travel_Rarely","Research & Development","1","Research Scientist","1",1,"3",8,"3","2",8,7,1,7,"Yes","3K-5K","Bachelor","Low","Good"
100197,"No",200,22,4425,11,0,35,2,3,"Medical","Female","Single","Travel_Frequently","Research & Development","2","Laboratory Technician","2",5,"3",10,"5","3",6,2,1,2,"No","3K-5K","Bachelor","Medium","Better"
100198,"No",200,26,5265,16,1,42,21,2,"Medical","Female","Divorced","Non-Travel","Research & Development","2","Manufacturing Director","3",2,"3",11,"5","3",5,3,0,2,"No","5K-8K","College","High","Better"
100199,"No",200,33,6553,14,0,38,2,4,"Life Sciences","Male","Married","Travel_Rarely","Research & Development","2","Manufacturing Director","3",9,"3",14,"3","3",1,0,0,0,"No","5K-8K","Masters","High","Better"
100200,"No",200,31,6261,18,1,38,29,3,"Technical Degree","Male","Married","Travel_Rarely","Research & Development","2","Manufacturing Director","4",3,"3",9,"3","1",7,7,1,7,"No","5K-8K","Bachelor","Very High","Bad"
100201,"No",200,21,4298,19,1,27,1,1,"Technical Degree","Male","Married","Travel_Frequently","Research & Development","2","Manufacturing Director","1",5,"3",6,"1","3",2,2,2,0,"No","3K-5K","Below College","Low","Better"
100202,"No",200,34,6804,15,2,49,18,4,"Life Sciences","Male","Divorced","Non-Travel","Research & Development","2","Manufacturing Director","4",1,"3",7,"0","3",7,7,1,7,"Yes","5K-8K","Masters","Very High","Better"
100203,"No",200,19,3815,17,1,34,10,4,"Medical","Male","Divorced","Travel_Frequently","Research & Development","1","Research Scientist","3",1,"3",5,"4","4",5,3,2,0,"Yes","3K-5K","Masters","High","Best"
100204,"No",200,14,2741,15,1,40,19,2,"Medical","Male","Married","Travel_Rarely","Research & Development","2","Laboratory Technician","4",8,"3",15,"2","4",7,2,3,7,"Yes","0-3K","College","Very High","Best"
100205,"Yes",200,33,6673,19,0,38,29,1,"Medical","Male","Married","Travel_Rarely","Research & Development","2","Healthcare Representative","1",7,"3",17,"2","3",1,0,0,0,"Yes","5K-8K","Below College","Low","Better"
100206,"Yes",200,38,7639,22,3,29,27,3,"Marketing","Female","Married","Travel_Rarely","Sales","3","Sales Executive","4",1,"4",10,"3","2",10,4,1,9,"No","5K-8K","Bachelor","Very High","Good"
100207,"No",200,12,2328,16,1,22,5,3,"Life Sciences","Male","Divorced","Travel_Rarely","Research & Development","1","Research Scientist","2",1,"3",4,"2","2",4,2,2,2,"Yes","0-3K","Bachelor","Medium","Good"
100208,"No",200,11,2153,13,0,36,18,1,"Medical","Female","Single","Travel_Frequently","Research & Development","1","Laboratory Technician","4",1,"3",8,"2","3",8,1,1,7,"No","0-3K","Below College","Very High","Better"
100209,"No",200,24,4876,14,1,40,9,5,"Life Sciences","Male","Married","Non-Travel","Research & Development","2","Healthcare Representative","4",9,"3",5,"5","1",3,2,0,2,"No","3K-5K","Doctor","Very High","Bad"
100210,"No",200,47,9396,16,1,46,1,4,"Medical","Male","Divorced","Travel_Rarely","Research & Development","3","Healthcare Representative","1",7,"3",17,"3","3",4,2,0,3,"No","8K-12K","Masters","Low","Better"
100211,"Yes",200,52,10400,11,0,32,4,4,"Medical","Male","Married","Travel_Rarely","Sales","3","Sales Executive","4",1,"3",14,"2","2",14,8,9,8,"No","8K-12K","Masters","Very High","Good"
100212,"No",200,42,8474,22,0,30,1,1,"Life Sciences","Male","Single","Non-Travel","Research & Development","3","Manufacturing Director","3",1,"4",12,"2","3",11,8,5,8,"No","8K-12K","Below College","High","Better"
100213,"No",200,50,9981,14,0,27,20,3,"Life Sciences","Female","Single","Travel_Frequently","Sales","2","Sales Executive","3",1,"3",7,"2","3",7,7,0,7,"No","8K-12K","Bachelor","High","Better"
100214,"No",200,62,12490,16,2,51,8,4,"Life Sciences","Male","Married","Travel_Rarely","Research & Development","3","Research Director","2",5,"1",16,"5","1",10,9,4,7,"No","12K+","Masters","Medium","Bad"
100215,"Yes",200,13,2657,11,0,30,3,3,"Technical Degree","Female","Single","Travel_Rarely","Research & Development","1","Research Scientist","1",5,"3",8,"5","3",5,2,0,4,"Yes","0-3K","Bachelor","Low","Better"
100216,"No",200,68,13591,18,0,41,6,3,"Life Sciences","Female","Single","Travel_Rarely","Sales","3","Manager","4",3,"3",16,"3","3",1,0,0,0,"Yes","12K+","Bachelor","Very High","Better"
100217,"Yes",200,33,6696,15,0,30,26,4,"Marketing","Female","Single","Travel_Frequently","Sales","2","Sales Executive","1",5,"3",9,"5","2",6,3,0,1,"No","5K-8K","Masters","Low","Good"
100218,"Yes",200,10,2058,14,0,29,1,3,"Technical Degree","Male","Single","Travel_Rarely","Research & Development","1","Research Scientist","3",0,"3",7,"1","2",6,2,1,5,"No","0-3K","Bachelor","High","Good"
100219,"No",200,44,8865,12,0,45,6,3,"Medical","Female","Single","Non-Travel","Sales","3","Sales Executive","4",6,"3",23,"2","3",19,7,12,8,"No","8K-12K","Bachelor","Very High","Better"
100220,"No",200,30,5940,14,1,54,3,3,"Marketing","Female","Married","Travel_Rarely","Sales","2","Sales Executive","1",2,"3",16,"4","3",6,2,0,5,"No","5K-8K","Bachelor","Low","Better"
100221,"No",200,30,5914,16,0,36,5,2,"Life Sciences","Male","Single","Travel_Rarely","Research & Development","2","Laboratory Technician","2",8,"3",16,"3","4",13,11,3,7,"No","5K-8K","College","Medium","Best"
100222,"No",200,13,2622,21,0,33,4,4,"Medical","Female","Married","Travel_Rarely","Research & Development","1","Research Scientist","2",6,"4",7,"3","3",3,2,1,1,"No","0-3K","Masters","Medium","Better"
100223,"No",200,61,12185,14,3,37,11,3,"Other","Male","Divorced","Travel_Frequently","Research & Development","3","Research Director","4",1,"3",10,"1","3",10,8,0,7,"Yes","12K+","Bachelor","Very High","Better"
100224,"No",200,53,10609,12,2,38,3,3,"Life Sciences","Male","Divorced","Travel_Rarely","Sales","3","Sales Executive","3",0,"3",17,"6","2",16,10,5,13,"No","8K-12K","Bachelor","High","Good"
100225,"No",200,22,4345,12,1,31,1,4,"Medical","Male","Married","Non-Travel","Research & Development","2","Manufacturing Director","3",0,"3",6,"2","3",5,4,1,4,"No","3K-5K","Masters","High","Better"
100226,"No",200,11,2177,17,1,59,3,3,"Life Sciences","Male","Married","Travel_Rarely","Research & Development","1","Research Scientist","4",3,"3",7,"6","3",1,0,0,0,"No","0-3K","Bachelor","Very High","Better"
100227,"No",200,14,2793,17,1,37,4,4,"Marketing","Male","Divorced","Travel_Frequently","Sales","1","Sales Representative","4",4,"3",13,"2","3",9,8,5,8,"No","0-3K","Masters","Very High","Better"
100228,"No",200,40,7918,14,1,29,1,1,"Medical","Female","Married","Travel_Frequently","Sales","3","Sales Executive","4",1,"3",11,"5","3",11,10,4,1,"No","5K-8K","Below College","Very High","Better"
100229,"No",200,44,8789,14,0,35,1,3,"Marketing","Female","Single","Travel_Frequently","Sales","3","Sales Executive","3",1,"3",10,"3","4",10,7,0,8,"No","8K-12K","Bachelor","High","Best"
100230,"Yes",200,12,2389,13,0,29,18,1,"Medical","Male","Single","Travel_Rarely","Research & Development","1","Research Scientist","4",1,"3",4,"3","2",4,3,0,1,"Yes","0-3K","Below College","Very High","Good"
100231,"No",200,16,3212,15,0,52,2,3,"Life Sciences","Female","Single","Travel_Rarely","Research & Development","1","Laboratory Technician","4",7,"3",6,"3","2",2,2,2,2,"No","3K-5K","Bachelor","Very High","Good"
100232,"No",200,96,19232,11,0,42,4,2,"Technical Degree","Male","Married","Travel_Rarely","Research & Development","5","Manager","4",1,"3",22,"3","3",22,17,11,15,"No","12K+","College","Very High","Better"
100233,"No",200,11,2267,17,0,59,6,2,"Medical","Male","Married","Travel_Rarely","Human Resources","1","Human Resources","3",8,"3",7,"2","2",2,2,2,2,"No","0-3K","College","High","Good"
100234,"No",200,98,19517,11,1,50,1,4,"Medical","Female","Divorced","Travel_Rarely","Sales","5","Manager","4",3,"3",32,"3","2",7,0,0,6,"No","12K+","Masters","Very High","Good"
100235,"Yes",200,12,2436,13,1,33,14,3,"Medical","Male","Married","Travel_Rarely","Research & Development","1","Laboratory Technician","4",5,"3",8,"2","1",5,4,0,4,"Yes","0-3K","Bachelor","Very High","Bad"
100236,"No",200,80,16064,22,1,43,16,3,"Marketing","Female","Married","Travel_Rarely","Sales","4","Manager","4",5,"4",22,"3","3",17,13,1,9,"Yes","12K+","Bachelor","Very High","Better"
100237,"Yes",200,14,2707,20,0,33,2,2,"Life Sciences","Female","Married","Travel_Rarely","Research & Development","1","Laboratory Technician","1",7,"4",13,"3","4",9,7,1,7,"No","0-3K","College","Low","Best"
100238,"No",200,95,19068,18,0,52,2,4,"Life Sciences","Male","Single","Non-Travel","Sales","5","Manager","3",1,"3",33,"2","4",33,7,15,12,"Yes","12K+","Masters","High","Best"
100239,"No",200,20,3931,11,1,32,4,2,"Life Sciences","Female","Married","Travel_Rarely","Sales","1","Sales Representative","2",2,"3",6,"5","3",4,3,1,2,"No","3K-5K","College","Medium","Better"
100240,"Yes",200,19,3730,14,0,32,1,3,"Life Sciences","Male","Single","Travel_Rarely","Research & Development","1","Laboratory Technician","3",0,"3",4,"2","1",3,2,1,2,"Yes","3K-5K","Bachelor","High","Bad"
100241,"No",200,11,2232,14,3,39,1,4,"Medical","Female","Divorced","Travel_Rarely","Research & Development","1","Laboratory Technician","3",7,"3",7,"1","3",3,2,1,2,"No","0-3K","Masters","High","Better"
100242,"No",200,22,4465,18,0,32,26,4,"Marketing","Male","Married","Non-Travel","Sales","2","Sales Executive","4",0,"3",4,"2","3",3,2,2,2,"No","3K-5K","Masters","Very High","Better"
100243,"No",200,15,3072,16,2,41,19,2,"Life Sciences","Male","Divorced","Travel_Rarely","Research & Development","2","Research Scientist","1",2,"3",17,"2","2",1,0,0,0,"No","3K-5K","College","Low","Good"
100244,"No",200,17,3319,17,2,40,24,2,"Technical Degree","Male","Divorced","Travel_Rarely","Research & Development","2","Research Scientist","4",1,"3",9,"3","3",9,8,4,7,"No","3K-5K","College","Very High","Better"
100245,"No",200,96,19202,11,1,45,1,3,"Other","Male","Married","Travel_Rarely","Research & Development","5","Manager","4",0,"3",25,"2","3",24,0,1,7,"No","12K+","Bachelor","Very High","Better"
100246,"No",200,68,13675,12,1,31,3,4,"Medical","Male","Divorced","Travel_Frequently","Research & Development","3","Research Director","3",9,"3",9,"3","3",2,2,2,2,"No","12K+","Masters","High","Better"
100247,"No",200,15,2911,13,1,33,5,4,"Life Sciences","Female","Married","Travel_Rarely","Research & Development","1","Research Scientist","4",1,"3",2,"2","2",2,2,0,2,"No","0-3K","Masters","Very High","Good"
100248,"No",200,30,5957,13,1,34,2,4,"Life Sciences","Male","Married","Travel_Rarely","Research & Development","2","Manufacturing Director","1",6,"3",13,"3","3",11,9,5,9,"No","5K-8K","Masters","Low","Better"
100249,"No",200,20,3920,14,1,37,1,2,"Medical","Female","Married","Travel_Rarely","Research & Development","1","Research Scientist","1",2,"3",17,"2","2",3,1,0,2,"No","3K-5K","College","Low","Good"
100250,"No",200,32,6434,17,1,45,7,4,"Life Sciences","Male","Married","Travel_Frequently","Research & Development","2","Manufacturing Director","3",4,"3",9,"1","3",3,2,0,2,"No","5K-8K","Masters","High","Better"
100251,"Yes",200,50,10048,11,2,37,10,3,"Medical","Male","Divorced","Travel_Frequently","Research & Development","3","Manufacturing Director","3",6,"3",17,"5","3",1,0,0,0,"No","8K-12K","Bachelor","High","Better"
100252,"No",200,55,10938,25,0,39,2,4,"Technical Degree","Female","Single","Travel_Frequently","Research & Development","3","Healthcare Representative","3",0,"4",20,"1","3",19,6,11,8,"No","8K-12K","Masters","High","Better"
100253,"No",200,12,2340,19,0,29,15,3,"Life Sciences","Male","Single","Travel_Rarely","Research & Development","1","Research Scientist","4",1,"3",6,"1","3",6,5,1,5,"No","0-3K","Bachelor","Very High","Better"
100254,"No",200,33,6545,13,0,42,17,2,"Life Sciences","Female","Single","Travel_Rarely","Research & Development","2","Research Scientist","1",3,"1",10,"1","3",3,2,0,2,"Yes","5K-8K","College","Low","Better"
100255,"No",200,35,6931,14,1,29,20,2,"Marketing","Male","Divorced","Travel_Rarely","Sales","2","Sales Executive","4",2,"3",10,"2","3",3,2,0,2,"No","5K-8K","College","Very High","Better"
100256,"No",200,24,4898,12,2,25,1,3,"Life Sciences","Female","Married","Travel_Rarely","Research & Development","2","Manufacturing Director","3",0,"3",5,"3","3",4,2,1,2,"No","3K-5K","Bachelor","High","Better"
100257,"No",200,13,2593,11,1,42,2,3,"Medical","Female","Divorced","Travel_Rarely","Research & Development","1","Laboratory Technician","1",0,"3",10,"4","3",9,6,7,8,"Yes","0-3K","Bachelor","Low","Better"
100258,"No",200,97,19436,19,1,40,2,2,"Medical","Male","Divorced","Travel_Rarely","Research & Development","5","Research Director","3",0,"3",22,"5","3",21,7,3,9,"No","12K+","College","High","Better"
100259,"No",200,14,2723,11,0,51,1,3,"Life Sciences","Male","Married","Travel_Rarely","Research & Development","1","Research Scientist","4",1,"3",1,"0","2",1,0,0,0,"No","0-3K","Bachelor","Very High","Good"
100260,"Yes",200,17,3479,11,0,31,29,2,"Medical","Male","Single","Travel_Frequently","Research & Development","1","Laboratory Technician","2",0,"1",6,"2","4",5,4,1,4,"No","3K-5K","College","Medium","Best"
100261,"No",200,14,2794,20,0,32,7,3,"Life Sciences","Male","Married","Travel_Frequently","Research & Development","1","Laboratory Technician","2",1,"4",5,"3","1",5,1,0,3,"No","0-3K","Bachelor","Medium","Bad"
100262,"No",200,26,5249,18,1,38,2,2,"Life Sciences","Male","Married","Non-Travel","Sales","2","Sales Executive","4",3,"3",13,"0","3",8,7,7,5,"No","5K-8K","College","Very High","Better"
100263,"No",200,11,2176,13,0,32,2,1,"Technical Degree","Male","Single","Travel_Rarely","Research & Development","2","Laboratory Technician","1",4,"3",9,"5","3",6,2,0,4,"No","0-3K","Below College","Low","Better"
100264,"No",200,84,16872,12,1,46,2,3,"Technical Degree","Female","Married","Travel_Rarely","Sales","4","Manager","2",3,"3",28,"2","2",7,7,7,7,"Yes","12K+","Bachelor","Medium","Good"
100265,"Yes",200,17,3485,11,0,28,2,4,"Life Sciences","Male","Single","Travel_Rarely","Research & Development","1","Laboratory Technician","3",2,"3",5,"5","1",0,0,0,0,"No","3K-5K","Masters","High","Bad"
100266,"No",200,33,6644,19,2,29,2,3,"Medical","Male","Married","Travel_Rarely","Sales","2","Sales Executive","2",2,"3",10,"2","3",0,0,0,0,"No","5K-8K","Bachelor","Medium","Better"
100267,"No",200,28,5582,21,1,31,23,3,"Medical","Male","Married","Travel_Rarely","Research & Development","2","Healthcare Representative","4",0,"4",10,"2","3",9,0,7,8,"No","5K-8K","Bachelor","Very High","Better"
100268,"No",200,20,4000,12,2,25,5,2,"Life Sciences","Male","Divorced","Non-Travel","Research & Development","2","Healthcare Representative","1",1,"3",6,"2","3",6,3,1,5,"No","3K-5K","College","Low","Better"
100269,"No",200,67,13496,14,0,45,20,2,"Medical","Male","Married","Travel_Rarely","Research & Development","4","Healthcare Representative","4",0,"3",21,"2","3",20,7,4,10,"Yes","12K+","College","Very High","Better"
100270,"No",200,16,3210,11,1,36,6,3,"Life Sciences","Male","Married","Travel_Rarely","Research & Development","1","Laboratory Technician","4",0,"3",16,"4","3",15,13,10,11,"No","3K-5K","Bachelor","Very High","Better"
100271,"No",200,95,19045,14,0,55,1,3,"Medical","Male","Single","Travel_Rarely","Research & Development","5","Manager","1",0,"3",37,"2","3",36,10,4,13,"Yes","12K+","Bachelor","Low","Better"
100272,"Yes",200,59,11849,12,1,47,29,4,"Life Sciences","Male","Married","Non-Travel","Research & Development","3","Manager","2",1,"1",10,"2","2",10,7,9,9,"Yes","8K-12K","Masters","Medium","Good"
100273,"No",200,10,2070,23,1,28,9,3,"Medical","Male","Married","Travel_Rarely","Research & Development","1","Research Scientist","4",1,"4",5,"3","2",5,2,0,4,"No","0-3K","Bachelor","Very High","Good"
100274,"No",200,33,6502,14,1,37,6,4,"Medical","Male","Married","Travel_Rarely","Sales","2","Sales Executive","4",4,"3",7,"5","4",5,4,0,1,"No","5K-8K","Masters","Very High","Best"
100275,"No",200,16,3230,17,0,21,3,2,"Medical","Male","Single","Travel_Rarely","Research & Development","1","Research Scientist","3",1,"3",3,"4","4",3,2,1,0,"No","3K-5K","College","High","Best"
100276,"No",200,68,13603,18,2,37,1,4,"Medical","Female","Divorced","Non-Travel","Research & Development","3","Research Director","4",2,"3",15,"2","3",5,2,0,2,"Yes","12K+","Masters","Very High","Better"
100277,"No",200,60,11996,18,1,35,22,3,"Life Sciences","Female","Divorced","Travel_Rarely","Research & Development","3","Manager","2",7,"2",10,"6","2",7,7,6,2,"No","8K-12K","Bachelor","Medium","Good"
100278,"No",200,28,5605,24,1,38,7,2,"Medical","Female","Divorced","Travel_Rarely","Sales","2","Sales Executive","1",1,"4",8,"3","3",8,0,7,7,"Yes","5K-8K","College","Low","Better"
100279,"No",200,32,6397,20,1,26,1,3,"Life Sciences","Female","Divorced","Travel_Frequently","Research & Development","2","Manufacturing Director","2",1,"4",6,"6","1",6,5,1,4,"No","5K-8K","Bachelor","Medium","Bad"
100280,"No",200,96,19144,14,2,50,4,1,"Life Sciences","Male","Divorced","Travel_Rarely","Research & Development","5","Research Director","2",3,"3",28,"4","2",10,4,1,6,"No","12K+","Below College","Medium","Good"
100281,"No",200,88,17584,16,3,53,3,4,"Medical","Male","Married","Travel_Rarely","Research & Development","4","Research Director","3",3,"3",21,"5","2",5,3,1,3,"Yes","12K+","Masters","High","Good"
100282,"No",200,25,4907,25,0,42,1,1,"Life Sciences","Male","Married","Travel_Rarely","Sales","2","Sales Executive","3",1,"4",20,"3","3",20,16,11,6,"No","3K-5K","Below College","High","Better"
100283,"No",200,23,4554,18,0,29,2,2,"Life Sciences","Male","Single","Travel_Frequently","Sales","2","Sales Executive","4",1,"3",10,"3","2",10,7,0,9,"No","3K-5K","College","Very High","Good"
100284,"No",200,27,5415,19,1,55,20,2,"Technical Degree","Male","Married","Travel_Rarely","Research & Development","2","Laboratory Technician","4",3,"3",12,"4","3",10,7,0,8,"Yes","5K-8K","College","Very High","Better"
100285,"No",200,24,4741,13,1,26,11,2,"Medical","Male","Married","Travel_Frequently","Research & Development","2","Healthcare Representative","1",1,"3",5,"3","3",5,3,3,3,"Yes","3K-5K","College","Low","Better"
100286,"No",200,11,2115,12,0,37,1,3,"Life Sciences","Female","Single","Travel_Rarely","Research & Development","1","Research Scientist","4",1,"3",17,"3","3",17,12,5,7,"No","0-3K","Bachelor","Very High","Better"
100287,"Yes",200,16,3161,22,1,44,24,3,"Life Sciences","Male","Divorced","Travel_Frequently","Research & Development","1","Laboratory Technician","3",3,"4",19,"0","1",1,0,0,0,"Yes","3K-5K","Bachelor","High","Bad"
100288,"No",200,29,5745,14,1,38,23,4,"Life Sciences","Male","Divorced","Travel_Rarely","Research & Development","2","Healthcare Representative","4",9,"3",10,"2","3",2,2,1,2,"No","5K-8K","Masters","Very High","Better"
100289,"Yes",200,12,2373,13,1,26,16,4,"Medical","Male","Divorced","Travel_Rarely","Research & Development","1","Laboratory Technician","2",2,"3",5,"2","3",3,2,0,2,"Yes","0-3K","Masters","Medium","Better"
100290,"No",200,17,3310,21,0,28,8,2,"Life Sciences","Female","Single","Travel_Rarely","Research & Development","1","Research Scientist","4",1,"4",5,"3","3",5,3,0,2,"No","3K-5K","College","Very High","Better"
100291,"No",200,93,18665,11,0,49,10,4,"Life Sciences","Female","Single","Travel_Frequently","Research & Development","5","Research Director","1",9,"3",22,"4","3",3,2,1,2,"Yes","12K+","Masters","Low","Better"
100292,"No",200,22,4485,12,0,36,3,3,"Technical Degree","Male","Single","Travel_Rarely","Research & Development","2","Research Scientist","2",4,"1",10,"2","3",8,0,7,7,"No","3K-5K","Bachelor","Medium","Better"
100293,"No",200,14,2789,11,1,31,5,3,"Marketing","Female","Divorced","Travel_Frequently","Sales","1","Sales Representative","2",1,"3",2,"5","2",2,2,2,2,"No","0-3K","Bachelor","Medium","Good"
100294,"Yes",200,29,5828,12,0,26,4,4,"Marketing","Male","Single","Travel_Rarely","Sales","2","Sales Executive","4",1,"3",8,"0","3",8,7,7,4,"Yes","5K-8K","Masters","Very High","Better"
100295,"No",200,12,2326,12,3,37,9,3,"Medical","Male","Married","Travel_Frequently","Research & Development","1","Research Scientist","4",1,"3",4,"3","2",4,2,1,2,"Yes","0-3K","Bachelor","Very High","Good"
100296,"No",200,68,13525,14,1,42,26,3,"Marketing","Female","Married","Travel_Frequently","Sales","4","Sales Executive","2",5,"3",23,"2","4",20,4,4,8,"No","12K+","Bachelor","Medium","Best"
100297,"Yes",200,7,1420,13,0,18,3,3,"Life Sciences","Male","Single","Travel_Rarely","Research & Development","1","Laboratory Technician","3",1,"3",0,"2","3",0,0,0,0,"No","0-3K","Bachelor","High","Better"
100298,"No",200,40,8020,15,2,35,16,3,"Marketing","Male","Married","Travel_Rarely","Sales","3","Sales Executive","2",0,"1",12,"3","2",11,9,6,9,"No","8K-12K","Bachelor","Medium","Good"
100299,"No",200,18,3688,18,2,36,18,4,"Life Sciences","Male","Married","Travel_Frequently","Research & Development","1","Laboratory Technician","4",4,"3",4,"2","3",1,0,0,0,"No","3K-5K","Masters","Very High","Better"
100300,"No",200,27,5482,18,1,51,2,3,"Medical","Male","Divorced","Travel_Rarely","Research & Development","2","Manufacturing Director","2",5,"3",13,"3","3",4,1,1,2,"No","5K-8K","Bachelor","Medium","Better"
100301,"No",200,80,16015,19,0,41,2,4,"Life Sciences","Male","Single","Travel_Rarely","Sales","4","Manager","2",1,"3",22,"2","3",22,10,0,4,"No","12K+","Masters","Medium","Better"
100302,"No",200,6,1200,12,0,18,10,3,"Medical","Female","Single","Travel_Rarely","Sales","1","Sales Representative","3",1,"3",0,"2","3",0,0,0,0,"No","0-3K","Bachelor","High","Better"
100303,"No",200,28,5661,19,0,28,16,2,"Medical","Male","Single","Travel_Rarely","Research & Development","2","Healthcare Representative","1",0,"3",9,"2","3",8,3,0,7,"No","5K-8K","College","Low","Better"
100304,"No",200,35,6929,11,1,31,7,3,"Technical Degree","Male","Married","Travel_Rarely","Sales","2","Sales Executive","4",4,"3",10,"3","2",8,7,7,7,"No","5K-8K","Bachelor","Very High","Good"
100305,"No",200,48,9613,17,3,39,1,3,"Medical","Male","Divorced","Travel_Rarely","Research & Development","3","Healthcare Representative","4",0,"3",19,"5","2",18,10,3,7,"No","8K-12K","Bachelor","Very High","Good"
100306,"No",200,28,5674,15,1,36,24,4,"Life Sciences","Female","Married","Non-Travel","Research & Development","2","Laboratory Technician","2",7,"3",11,"3","3",9,8,0,8,"No","5K-8K","Masters","Medium","Better"
100307,"No",200,27,5484,14,1,32,7,3,"Life Sciences","Male","Married","Travel_Rarely","Sales","2","Sales Executive","3",1,"3",13,"3","2",13,8,4,8,"No","5K-8K","Bachelor","High","Good"
100308,"No",200,60,12061,17,1,38,25,2,"Life Sciences","Female","Married","Travel_Rarely","Research & Development","3","Research Director","2",3,"3",19,"2","3",10,8,0,1,"No","12K+","College","Medium","Better"
100309,"No",200,28,5660,13,1,58,1,4,"Life Sciences","Male","Divorced","Non-Travel","Research & Development","2","Healthcare Representative","3",2,"3",12,"2","3",5,3,1,2,"Yes","5K-8K","Masters","High","Better"
100310,"No",200,24,4821,12,1,31,5,4,"Technical Degree","Male","Married","Travel_Rarely","Research & Development","1","Research Scientist","4",0,"3",6,"4","3",5,2,0,3,"Yes","3K-5K","Masters","Very High","Better"
100311,"No",200,32,6410,12,0,31,2,3,"Human Resources","Male","Married","Travel_Rarely","Human Resources","2","Human Resources","1",3,"1",9,"1","3",2,2,1,0,"No","5K-8K","Bachelor","Low","Better"
100312,"No",200,26,5210,18,1,45,7,3,"Life Sciences","Male","Divorced","Travel_Frequently","Research & Development","3","Laboratory Technician","1",1,"3",24,"2","3",24,9,9,11,"No","5K-8K","Bachelor","Low","Better"
100313,"No",200,13,2695,18,1,31,2,4,"Life Sciences","Male","Divorced","Travel_Rarely","Research & Development","1","Research Scientist","4",0,"3",3,"2","1",2,2,2,2,"Yes","0-3K","Masters","Very High","Bad"
100314,"No",200,59,11878,11,2,33,5,4,"Life Sciences","Female","Married","Travel_Frequently","Research & Development","3","Manager","2",6,"3",12,"2","3",10,6,8,8,"No","8K-12K","Masters","Medium","Better"
100315,"No",200,85,17068,14,0,39,10,1,"Medical","Male","Married","Travel_Rarely","Research & Development","4","Manager","1",1,"3",21,"3","3",21,9,11,10,"Yes","12K+","Below College","Low","Better"
100316,"No",200,12,2455,19,0,43,10,4,"Life Sciences","Female","Single","Travel_Frequently","Research & Development","1","Laboratory Technician","4",0,"3",9,"5","3",8,7,1,7,"No","0-3K","Masters","Very High","Better"
100317,"No",200,70,13964,12,0,49,1,2,"Technical Degree","Female","Single","Travel_Rarely","Research & Development","4","Healthcare Representative","3",7,"3",25,"2","3",7,1,0,7,"Yes","12K+","College","High","Better"
100318,"Yes",200,25,4941,15,0,52,8,4,"Medical","Male","Married","Travel_Rarely","Research & Development","2","Research Scientist","2",2,"2",11,"3","2",8,2,7,7,"No","3K-5K","Masters","Medium","Good"
100319,"No",200,12,2478,12,0,27,5,3,"Life Sciences","Female","Single","Travel_Rarely","Research & Development","1","Research Scientist","2",1,"1",4,"2","2",4,3,1,2,"Yes","0-3K","Bachelor","Medium","Good"
100320,"No",200,26,5228,11,0,32,8,2,"Technical Degree","Female","Married","Travel_Rarely","Sales","2","Sales Executive","2",1,"1",13,"2","3",13,12,11,9,"Yes","5K-8K","College","Medium","Better"
100321,"No",200,22,4478,11,0,27,2,3,"Life Sciences","Male","Single","Travel_Rarely","Sales","2","Sales Executive","3",1,"3",5,"3","3",5,4,0,4,"Yes","3K-5K","Bachelor","High","Better"
100322,"No",200,38,7547,12,3,31,7,3,"Marketing","Male","Divorced","Travel_Rarely","Sales","2","Sales Executive","4",4,"3",13,"3","3",7,7,1,7,"No","5K-8K","Bachelor","Very High","Better"
100323,"No",200,25,5055,16,0,32,2,4,"Medical","Female","Single","Travel_Rarely","Research & Development","2","Research Scientist","4",7,"3",10,"0","2",7,7,0,7,"No","5K-8K","Masters","Very High","Good"
100324,"Yes",200,17,3464,13,0,28,2,4,"Medical","Male","Married","Travel_Rarely","Research & Development","1","Research Scientist","4",5,"3",5,"4","2",3,2,2,2,"Yes","3K-5K","Masters","Very High","Good"
100325,"No",200,29,5775,13,2,30,28,2,"Medical","Female","Married","Travel_Rarely","Research & Development","2","Research Scientist","4",1,"3",11,"2","3",10,8,1,9,"No","5K-8K","College","Very High","Better"
100326,"No",200,45,8943,24,1,31,7,2,"Life Sciences","Female","Married","Travel_Frequently","Research & Development","3","Manufacturing Director","3",1,"4",10,"2","3",10,9,8,9,"No","8K-12K","College","High","Better"
100327,"No",200,96,19272,15,1,39,7,2,"Medical","Male","Married","Travel_Frequently","Research & Development","5","Manager","4",1,"3",21,"2","3",21,9,13,3,"No","12K+","College","Very High","Better"
100328,"Yes",200,26,5238,18,0,39,3,2,"Medical","Female","Married","Travel_Rarely","Sales","2","Sales Executive","3",4,"3",12,"3","2",1,0,0,0,"Yes","5K-8K","College","High","Good"
100329,"No",200,23,4682,14,0,33,10,3,"Marketing","Male","Single","Travel_Frequently","Sales","2","Sales Executive","4",3,"3",9,"6","2",7,7,0,1,"No","3K-5K","Bachelor","Very High","Good"
100330,"No",200,92,18300,11,1,47,5,5,"Life Sciences","Male","Married","Travel_Rarely","Research & Development","5","Research Director","3",4,"3",21,"2","3",3,2,1,1,"No","12K+","Doctor","High","Better"
100331,"No",200,26,5257,11,1,43,10,4,"Life Sciences","Female","Divorced","Travel_Frequently","Research & Development","2","Laboratory Technician","3",1,"3",9,"3","4",9,7,0,0,"No","5K-8K","Masters","High","Best"
100332,"No",200,32,6349,13,1,27,1,1,"Marketing","Male","Married","Non-Travel","Sales","2","Sales Executive","2",0,"3",6,"0","3",5,4,1,4,"Yes","5K-8K","Below College","Medium","Better"
100333,"No",200,24,4869,12,0,54,20,4,"Life Sciences","Female","Single","Travel_Frequently","Research & Development","2","Research Scientist","3",3,"3",20,"4","2",4,3,0,3,"No","3K-5K","Masters","High","Good"
100334,"No",200,50,9985,16,1,43,7,3,"Life Sciences","Female","Married","Travel_Rarely","Research & Development","3","Healthcare Representative","1",8,"3",10,"1","2",1,0,0,0,"No","8K-12K","Bachelor","Low","Good"
100335,"No",200,18,3697,14,2,45,8,4,"Other","Male","Married","Travel_Rarely","Research & Development","2","Research Scientist","4",9,"3",12,"3","3",10,9,9,8,"No","3K-5K","Masters","Very High","Better"
100336,"No",200,37,7457,22,3,40,1,2,"Medical","Male","Married","Travel_Rarely","Sales","2","Sales Executive","4",2,"4",6,"2","2",4,3,0,2,"Yes","5K-8K","College","Very High","Good"
100337,"Yes",200,11,2119,11,0,29,8,4,"Other","Male","Married","Travel_Rarely","Research & Development","1","Laboratory Technician","1",1,"3",7,"4","2",7,7,0,7,"Yes","0-3K","Masters","Low","Good"
100338,"No",200,20,3983,17,0,29,9,5,"Other","Male","Single","Travel_Rarely","Research & Development","1","Laboratory Technician","4",0,"3",4,"2","3",3,2,2,2,"No","3K-5K","Doctor","Very High","Better"
100339,"No",200,31,6118,13,3,30,5,3,"Marketing","Female","Divorced","Travel_Rarely","Sales","2","Sales Executive","3",1,"3",10,"2","3",10,9,1,2,"No","5K-8K","Bachelor","High","Better"
100340,"No",200,31,6214,18,1,27,8,4,"Marketing","Female","Married","Travel_Rarely","Sales","2","Sales Executive","2",1,"3",8,"3","3",8,7,0,7,"No","5K-8K","Masters","Medium","Better"
100341,"No",200,32,6347,16,2,37,5,2,"Medical","Male","Divorced","Travel_Rarely","Research & Development","2","Manufacturing Director","4",7,"3",8,"2","2",6,2,0,4,"No","5K-8K","College","Very High","Good"
100342,"No",200,58,11510,14,1,38,15,2,"Life Sciences","Male","Divorced","Travel_Rarely","Research & Development","3","Research Director","4",0,"3",12,"3","3",11,10,2,9,"Yes","8K-12K","College","Very High","Better"
100343,"No",200,36,7143,14,0,31,7,4,"Medical","Female","Single","Travel_Rarely","Research & Development","3","Manufacturing Director","4",1,"3",11,"2","2",11,9,4,10,"Yes","5K-8K","Masters","Very High","Good"
100344,"No",200,41,8268,14,2,29,10,1,"Marketing","Female","Divorced","Travel_Rarely","Sales","2","Sales Executive","2",1,"3",7,"2","3",7,7,1,7,"Yes","8K-12K","Below College","Medium","Better"
100345,"No",200,40,8095,13,0,35,5,4,"Technical Degree","Male","Single","Travel_Rarely","Research & Development","3","Manufacturing Director","2",0,"3",17,"5","3",16,6,0,13,"No","8K-12K","Masters","Medium","Better"
100346,"No",200,15,2904,12,2,23,26,1,"Life Sciences","Male","Divorced","Travel_Rarely","Research & Development","1","Research Scientist","4",1,"3",4,"2","2",4,2,0,2,"No","0-3K","Below College","Very High","Good"
100347,"No",200,30,6032,15,0,41,6,3,"Medical","Male","Single","Travel_Rarely","Research & Development","2","Manufacturing Director","2",6,"2",8,"3","3",5,4,1,2,"Yes","5K-8K","Bachelor","Medium","Better"
100348,"No",200,15,2976,19,0,47,4,1,"Medical","Male","Single","Travel_Frequently","Sales","2","Sales Representative","3",3,"3",5,"3","3",0,0,0,0,"No","0-3K","Below College","High","Better"
100349,"No",200,80,15992,14,0,42,23,5,"Life Sciences","Female","Single","Travel_Rarely","Research & Development","4","Research Director","4",2,"3",16,"2","3",1,0,0,0,"No","12K+","Doctor","Very High","Better"
100350,"No",200,23,4649,14,1,29,2,3,"Life Sciences","Male","Married","Non-Travel","Sales","2","Sales Executive","3",1,"3",4,"3","2",4,3,0,2,"No","3K-5K","Bachelor","High","Good"
100351,"No",200,13,2696,11,1,42,2,1,"Technical Degree","Male","Divorced","Travel_Rarely","Human Resources","1","Human Resources","3",0,"3",4,"5","3",3,2,1,0,"Yes","0-3K","Below College","High","Better"
100352,"No",200,12,2370,13,1,32,2,3,"Medical","Female","Married","Travel_Rarely","Research & Development","1","Laboratory Technician","2",1,"3",8,"4","3",8,0,0,7,"No","0-3K","Bachelor","Medium","Better"
100353,"No",200,63,12504,21,1,48,29,1,"Medical","Female","Married","Travel_Rarely","Sales","3","Manager","3",3,"4",15,"3","1",0,0,0,0,"No","12K+","Below College","High","Bad"
100354,"No",200,30,5974,13,2,37,6,3,"Medical","Male","Divorced","Travel_Rarely","Research & Development","2","Research Scientist","1",4,"3",13,"2","3",7,7,6,7,"Yes","5K-8K","Bachelor","Low","Better"
100355,"No",200,24,4736,12,1,30,25,2,"Technical Degree","Female","Married","Non-Travel","Sales","2","Sales Executive","3",7,"3",4,"2","4",2,2,2,2,"Yes","3K-5K","College","High","Best"
100356,"No",200,26,5296,17,1,26,1,3,"Life Sciences","Male","Married","Travel_Rarely","Sales","2","Sales Executive","3",1,"3",8,"3","3",8,7,7,7,"No","5K-8K","Bachelor","High","Better"
100357,"No",200,34,6781,23,0,42,2,4,"Other","Male","Single","Travel_Rarely","Research & Development","2","Healthcare Representative","4",3,"4",14,"6","3",1,0,0,0,"No","5K-8K","Masters","Very High","Better"
100358,"Yes",200,11,2174,11,0,21,1,1,"Technical Degree","Female","Single","Travel_Frequently","Sales","1","Sales Representative","2",1,"1",3,"3","3",3,2,1,2,"Yes","0-3K","Below College","Medium","Better"
100359,"No",200,33,6653,15,0,36,1,5,"Medical","Female","Single","Non-Travel","Sales","2","Sales Executive","4",4,"3",7,"6","3",1,0,0,0,"No","5K-8K","Doctor","Very High","Better"
100360,"No",200,48,9699,11,1,36,3,4,"Medical","Male","Married","Travel_Frequently","Sales","3","Sales Executive","4",4,"3",16,"2","3",13,9,1,12,"No","8K-12K","Masters","Very High","Better"
100361,"No",200,34,6755,11,0,57,1,4,"Medical","Male","Married","Travel_Rarely","Research & Development","2","Healthcare Representative","3",2,"3",15,"2","3",3,2,1,2,"No","5K-8K","Masters","High","Better"
100362,"No",200,11,2213,13,1,40,10,4,"Life Sciences","Female","Married","Travel_Rarely","Research & Development","1","Laboratory Technician","3",3,"3",10,"3","3",7,7,1,7,"Yes","0-3K","Masters","High","Better"
100363,"No",200,13,2610,24,0,21,9,2,"Medical","Male","Single","Non-Travel","Sales","1","Sales Representative","4",1,"4",3,"3","2",3,2,2,2,"No","0-3K","College","Very High","Good"
100364,"Yes",200,14,2851,13,0,33,5,3,"Marketing","Female","Single","Travel_Rarely","Sales","1","Sales Representative","3",1,"3",1,"2","3",1,0,0,0,"Yes","0-3K","Bachelor","High","Better"
100365,"No",200,17,3452,20,1,37,10,3,"Medical","Female","Married","Travel_Rarely","Research & Development","1","Laboratory Technician","1",6,"4",17,"3","3",5,4,0,3,"No","3K-5K","Bachelor","Low","Better"
100366,"No",200,26,5258,14,0,46,7,4,"Medical","Female","Married","Non-Travel","Research & Development","2","Manufacturing Director","3",2,"3",7,"2","4",1,0,0,0,"No","5K-8K","Masters","High","Best"
100367,"Yes",200,47,9355,18,0,41,4,3,"Marketing","Male","Single","Travel_Frequently","Sales","2","Sales Executive","2",1,"1",8,"5","3",8,7,7,7,"No","8K-12K","Bachelor","Medium","Better"
100368,"No",200,52,10496,15,0,50,10,3,"Technical Degree","Male","Single","Travel_Rarely","Research & Development","3","Healthcare Representative","4",6,"3",20,"2","3",4,3,1,3,"No","8K-12K","Bachelor","Very High","Better"
100369,"Yes",200,32,6380,12,2,40,22,2,"Marketing","Male","Married","Travel_Rarely","Sales","2","Sales Executive","3",2,"3",8,"6","3",6,4,1,0,"Yes","5K-8K","College","High","Better"
100370,"No",200,13,2657,16,0,31,9,4,"Life Sciences","Male","Single","Travel_Rarely","Research & Development","1","Research Scientist","2",0,"3",3,"5","3",2,2,2,2,"Yes","0-3K","Masters","Medium","Better"
100371,"Yes",200,14,2716,15,0,21,12,3,"Life Sciences","Female","Single","Travel_Rarely","Sales","1","Sales Representative","2",1,"2",1,"0","3",1,0,0,0,"No","0-3K","Bachelor","Medium","Better"
100372,"No",200,11,2201,16,0,29,23,3,"Life Sciences","Male","Single","Travel_Rarely","Research & Development","1","Research Scientist","4",9,"3",6,"4","3",3,2,1,2,"No","0-3K","Bachelor","Very High","Better"
100373,"No",200,33,6540,19,0,35,9,4,"Life Sciences","Male","Single","Travel_Rarely","Research & Development","2","Healthcare Representative","2",9,"3",10,"5","3",1,1,0,0,"No","5K-8K","Masters","Medium","Better"
100374,"No",200,19,3816,11,1,27,1,2,"Medical","Male","Divorced","Travel_Rarely","Research & Development","1","Laboratory Technician","2",1,"3",5,"2","3",5,2,0,4,"No","3K-5K","College","Medium","Better"
100375,"No",200,26,5253,16,0,28,9,4,"Life Sciences","Male","Single","Travel_Rarely","Sales","2","Sales Executive","4",1,"3",7,"1","3",7,5,0,7,"No","5K-8K","Masters","Very High","Better"
100376,"No",200,55,10965,24,0,49,7,3,"Other","Male","Single","Travel_Rarely","Research & Development","3","Healthcare Representative","3",8,"4",26,"2","3",5,2,0,0,"No","8K-12K","Bachelor","High","Better"
100377,"No",200,25,4936,11,1,51,14,2,"Life Sciences","Female","Married","Travel_Rarely","Sales","2","Sales Executive","4",4,"3",18,"2","2",7,7,0,7,"No","3K-5K","College","Very High","Good"
100378,"No",200,13,2543,13,1,36,2,3,"Life Sciences","Female","Married","Travel_Rarely","Research & Development","1","Research Scientist","3",4,"3",6,"3","3",2,2,2,2,"No","0-3K","Bachelor","High","Better"
100379,"Yes",200,27,5304,13,0,34,19,3,"Marketing","Male","Single","Non-Travel","Sales","2","Sales Executive","4",8,"3",9,"3","2",5,2,0,4,"Yes","5K-8K","Bachelor","Very High","Good"
100380,"No",200,83,16659,13,0,55,2,3,"Life Sciences","Female","Single","Travel_Rarely","Research & Development","4","Manager","4",2,"3",30,"2","3",5,4,1,2,"Yes","12K+","Bachelor","Very High","Better"
100381,"No",200,21,4260,12,1,24,10,4,"Marketing","Female","Divorced","Travel_Rarely","Sales","2","Sales Executive","3",1,"3",5,"2","4",5,2,0,3,"Yes","3K-5K","Masters","High","Best"
100382,"No",200,12,2476,18,1,30,2,1,"Technical Degree","Male","Married","Travel_Rarely","Sales","1","Sales Representative","2",1,"3",1,"3","3",1,0,0,0,"No","0-3K","Below College","Medium","Better"
100383,"Yes",200,16,3102,22,0,26,3,1,"Technical Degree","Male","Single","Travel_Frequently","Research & Development","1","Research Scientist","1",0,"4",7,"2","3",6,4,0,4,"No","3K-5K","Below College","Low","Better"
100384,"No",200,11,2244,13,1,22,11,3,"Medical","Female","Married","Travel_Rarely","Research & Development","1","Research Scientist","2",1,"3",2,"1","3",2,1,1,2,"No","0-3K","Bachelor","Medium","Better"
100385,"No",200,38,7596,13,2,36,2,2,"Medical","Male","Married","Travel_Rarely","Sales","3","Sales Executive","3",1,"3",10,"2","3",10,9,9,0,"No","5K-8K","College","High","Better"
100386,"Yes",200,11,2285,23,0,30,4,3,"Technical Degree","Male","Single","Travel_Frequently","Research & Development","1","Research Scientist","4",9,"4",3,"4","3",1,0,0,0,"Yes","0-3K","Bachelor","Very High","Better"
100387,"No",200,15,3034,12,1,37,14,3,"Life Sciences","Female","Divorced","Travel_Rarely","Research & Development","1","Laboratory Technician","1",1,"1",18,"2","2",18,7,12,17,"No","3K-5K","Bachelor","Low","Good"
100388,"No",200,29,5715,12,2,40,2,2,"Marketing","Female","Divorced","Travel_Rarely","Sales","2","Sales Executive","2",7,"3",8,"5","3",5,4,1,3,"No","5K-8K","College","Medium","Better"
100389,"No",200,13,2576,16,1,42,1,4,"Life Sciences","Female","Divorced","Travel_Rarely","Research & Development","1","Laboratory Technician","1",3,"3",8,"5","3",5,2,1,2,"No","0-3K","Masters","Low","Better"
100390,"No",200,21,4197,12,0,37,10,4,"Life Sciences","Male","Single","Travel_Rarely","Research & Development","2","Manufacturing Director","2",2,"1",18,"2","2",1,0,0,1,"Yes","3K-5K","Masters","Medium","Good"
100391,"No",200,72,14336,11,1,43,12,3,"Life Sciences","Male","Divorced","Travel_Rarely","Research & Development","4","Research Director","2",1,"3",25,"3","3",25,10,3,9,"No","12K+","Bachelor","Medium","Better"
100392,"No",200,17,3448,22,1,40,2,3,"Medical","Female","Married","Travel_Rarely","Research & Development","2","Laboratory Technician","3",6,"4",20,"3","3",1,0,0,0,"No","3K-5K","Bachelor","High","Better"
100393,"No",200,97,19406,11,1,54,5,2,"Medical","Male","Married","Travel_Rarely","Research & Development","5","Research Director","1",4,"3",24,"4","2",4,2,1,2,"No","12K+","College","Low","Good"
100394,"No",200,33,6538,15,1,34,4,4,"Marketing","Female","Married","Non-Travel","Sales","2","Sales Executive","3",9,"3",6,"3","3",3,2,1,2,"No","5K-8K","Masters","High","Better"
100395,"No",200,22,4306,12,1,31,7,2,"Medical","Female","Married","Travel_Rarely","Research & Development","2","Manufacturing Director","1",1,"1",13,"5","1",13,10,3,12,"No","3K-5K","College","Low","Bad"
100396,"No",200,11,2258,20,1,43,21,3,"Medical","Male","Married","Travel_Frequently","Research & Development","1","Laboratory Technician","4",7,"4",8,"1","3",3,2,1,2,"No","0-3K","Bachelor","Very High","Better"
100397,"No",200,23,4522,14,0,43,8,4,"Other","Female","Divorced","Travel_Rarely","Research & Development","2","Healthcare Representative","3",4,"3",8,"3","3",5,2,0,2,"Yes","3K-5K","Masters","High","Better"
100398,"No",200,22,4487,11,0,25,4,2,"Life Sciences","Female","Single","Travel_Rarely","Sales","2","Sales Executive","4",1,"3",5,"3","3",5,4,1,3,"Yes","3K-5K","College","Very High","Better"
100399,"No",200,22,4449,15,2,37,25,5,"Medical","Female","Married","Non-Travel","Research & Development","2","Research Scientist","3",3,"3",15,"2","3",13,11,10,7,"Yes","3K-5K","Doctor","High","Better"
100400,"No",200,11,2218,12,1,31,1,2,"Life Sciences","Male","Married","Travel_Rarely","Research & Development","1","Laboratory Technician","1",1,"3",4,"3","3",4,2,3,2,"No","0-3K","College","Low","Better"
100401,"No",200,96,19197,14,1,39,1,1,"Life Sciences","Male","Divorced","Travel_Frequently","Research & Development","5","Manager","3",1,"3",21,"3","3",21,8,1,6,"Yes","12K+","Below College","High","Better"
100402,"No",200,66,13212,11,3,56,6,3,"Life Sciences","Female","Married","Travel_Frequently","Sales","4","Sales Executive","1",9,"1",36,"0","2",7,7,7,7,"No","12K+","Bachelor","Low","Good"
100403,"No",200,33,6577,11,0,30,12,3,"Technical Degree","Female","Single","Travel_Rarely","Sales","2","Sales Executive","3",0,"3",6,"6","3",5,4,4,4,"No","5K-8K","Bachelor","High","Better"
100404,"No",200,42,8392,16,1,41,1,3,"Marketing","Male","Married","Travel_Rarely","Sales","3","Sales Executive","1",1,"3",10,"2","3",10,7,0,7,"No","8K-12K","Bachelor","Low","Better"
100405,"No",200,23,4558,12,1,28,17,2,"Medical","Male","Divorced","Travel_Rarely","Research & Development","2","Laboratory Technician","1",1,"3",10,"2","3",10,0,1,8,"No","3K-5K","College","Low","Better"
100406,"Yes",200,20,4031,13,1,25,3,3,"Medical","Male","Married","Travel_Rarely","Research & Development","1","Laboratory Technician","1",5,"3",6,"5","3",2,2,0,2,"No","3K-5K","Bachelor","Low","Better"
100407,"No",200,40,7969,14,0,52,3,3,"Medical","Male","Married","Travel_Rarely","Research & Development","3","Manufacturing Director","3",2,"3",28,"4","3",5,4,0,4,"Yes","5K-8K","Bachelor","High","Better"
100408,"No",200,13,2654,21,2,45,10,2,"Life Sciences","Male","Married","Travel_Rarely","Research & Development","1","Research Scientist","4",3,"4",8,"3","2",2,2,0,2,"No","0-3K","College","Very High","Good"
100409,"No",200,83,16555,13,0,52,4,2,"Life Sciences","Female","Married","Travel_Rarely","Research & Development","4","Manager","4",2,"3",31,"2","1",5,2,1,4,"No","12K+","College","Very High","Bad"
100410,"No",200,23,4556,11,1,42,29,2,"Life Sciences","Female","Divorced","Travel_Frequently","Research & Development","2","Research Scientist","3",2,"3",19,"3","3",5,4,0,2,"No","3K-5K","College","High","Better"
100411,"No",200,30,6091,20,0,30,2,3,"Life Sciences","Female","Single","Travel_Rarely","Research & Development","2","Manufacturing Director","4",2,"4",11,"2","3",5,4,0,2,"No","5K-8K","Bachelor","Very High","Better"
100412,"No",200,98,19566,11,0,60,7,3,"Life Sciences","Female","Married","Travel_Rarely","Research & Development","5","Manager","1",5,"3",33,"5","1",29,8,11,10,"No","12K+","Bachelor","Low","Bad"
100413,"No",200,24,4810,14,1,46,18,3,"Medical","Female","Divorced","Travel_Rarely","Research & Development","2","Manufacturing Director","3",2,"3",19,"5","2",10,7,0,8,"No","3K-5K","Bachelor","High","Good"
100414,"No",200,23,4523,11,3,42,28,4,"Technical Degree","Female","Married","Travel_Frequently","Research & Development","2","Healthcare Representative","4",0,"3",7,"4","4",6,5,0,4,"No","3K-5K","Masters","Very High","Best"
100415,"Yes",200,16,3202,16,0,24,1,1,"Technical Degree","Female","Single","Travel_Rarely","Sales","1","Sales Representative","2",1,"3",6,"4","3",5,3,1,4,"Yes","3K-5K","Below College","Medium","Better"
100416,"Yes",200,12,2351,16,1,34,6,2,"Marketing","Female","Divorced","Travel_Frequently","Sales","1","Sales Representative","3",0,"3",3,"3","2",2,2,1,0,"No","0-3K","College","High","Good"
100417,"No",200,9,1702,23,1,38,2,2,"Life Sciences","Male","Married","Travel_Frequently","Research & Development","1","Laboratory Technician","4",1,"4",1,"3","3",1,0,0,0,"Yes","0-3K","College","Very High","Better"
100418,"No",200,90,18041,14,0,40,2,4,"Life Sciences","Female","Married","Travel_Rarely","Sales","5","Manager","3",0,"3",21,"2","3",20,15,1,12,"No","12K+","Masters","High","Better"
100419,"No",200,14,2886,22,2,26,23,3,"Life Sciences","Female","Divorced","Travel_Rarely","Research & Development","1","Research Scientist","4",1,"4",3,"3","1",3,2,0,2,"No","0-3K","Bachelor","Very High","Bad"
100420,"No",200,10,2097,15,1,30,3,3,"Life Sciences","Male","Married","Non-Travel","Research & Development","1","Laboratory Technician","4",4,"3",9,"3","1",5,3,1,4,"No","0-3K","Bachelor","Very High","Bad"
100421,"No",200,60,11935,18,0,29,3,4,"Medical","Male","Married","Travel_Rarely","Research & Development","3","Research Director","3",1,"3",10,"2","3",10,2,0,7,"No","8K-12K","Masters","High","Better"
100422,"Yes",200,13,2546,16,0,29,25,5,"Technical Degree","Female","Married","Travel_Rarely","Research & Development","1","Research Scientist","2",5,"3",6,"2","4",2,2,1,1,"No","0-3K","Doctor","Medium","Best"
100423,"Yes",200,13,2564,12,0,19,2,2,"Technical Degree","Male","Single","Travel_Rarely","Human Resources","1","Human Resources","4",1,"3",1,"3","4",1,0,0,0,"No","0-3K","College","Very High","Best"
100424,"No",200,42,8412,11,0,30,22,4,"Other","Female","Married","Non-Travel","Sales","3","Sales Executive","1",0,"1",10,"3","3",9,8,7,8,"No","8K-12K","Masters","Low","Better"
100425,"No",200,71,14118,12,1,57,29,3,"Marketing","Male","Divorced","Travel_Rarely","Sales","4","Manager","4",3,"3",32,"3","2",1,0,0,0,"No","12K+","Bachelor","Very High","Good"
100426,"No",200,85,17046,15,1,50,29,4,"Life Sciences","Male","Married","Travel_Rarely","Research & Development","4","Manager","3",0,"3",28,"2","3",27,10,15,7,"No","12K+","Masters","High","Better"
100427,"No",200,13,2564,14,0,30,2,3,"Medical","Female","Single","Non-Travel","Research & Development","1","Laboratory Technician","4",0,"3",12,"2","2",11,7,6,7,"No","0-3K","Bachelor","Very High","Good"
100428,"No",200,51,10266,19,0,60,28,3,"Marketing","Female","Married","Travel_Frequently","Sales","3","Sales Executive","1",4,"3",22,"5","4",18,13,13,11,"No","8K-12K","Bachelor","Low","Best"
100429,"No",200,25,5070,13,3,47,2,2,"Medical","Female","Divorced","Travel_Rarely","Research & Development","2","Manufacturing Director","4",5,"3",20,"2","3",5,0,0,4,"No","5K-8K","College","Very High","Better"
100430,"No",200,89,17861,13,0,46,2,3,"Life Sciences","Male","Married","Travel_Rarely","Research & Development","4","Research Director","3",6,"3",26,"2","1",3,2,0,1,"No","12K+","Bachelor","High","Bad"
100431,"No",200,21,4230,15,0,35,22,3,"Life Sciences","Male","Single","Travel_Rarely","Research & Development","1","Laboratory Technician","3",0,"3",6,"2","3",5,4,4,3,"No","3K-5K","Bachelor","High","Better"
100432,"No",200,19,3780,11,0,54,8,4,"Life Sciences","Female","Single","Travel_Rarely","Research & Development","2","Laboratory Technician","3",7,"3",19,"3","3",1,0,0,0,"No","3K-5K","Masters","High","Better"
100433,"No",200,14,2768,12,1,34,2,4,"Life Sciences","Male","Divorced","Travel_Rarely","Research & Development","1","Research Scientist","3",3,"3",14,"3","3",7,3,5,7,"No","0-3K","Masters","High","Better"
100434,"No",200,45,9071,19,1,46,10,3,"Marketing","Female","Married","Travel_Rarely","Sales","3","Sales Executive","4",2,"3",15,"3","3",3,2,1,2,"Yes","8K-12K","Bachelor","Very High","Better"
100435,"No",200,53,10648,25,1,31,9,1,"Life Sciences","Male","Divorced","Travel_Rarely","Research & Development","3","Manufacturing Director","2",1,"4",13,"6","4",13,8,0,8,"No","8K-12K","Below College","Medium","Best"
100436,"Yes",200,68,13610,12,0,33,15,1,"Medical","Male","Married","Travel_Rarely","Research & Development","3","Manager","3",7,"3",15,"2","4",7,6,7,7,"Yes","12K+","Below College","High","Best"
100437,"Yes",200,17,3408,13,3,33,10,1,"Medical","Male","Divorced","Travel_Rarely","Research & Development","1","Laboratory Technician","4",7,"3",8,"2","3",4,3,1,3,"No","3K-5K","Below College","Very High","Better"
100438,"No",200,15,2983,14,0,30,7,1,"Marketing","Male","Single","Travel_Rarely","Sales","1","Sales Representative","2",0,"2",4,"3","3",3,2,1,2,"No","0-3K","Below College","Medium","Better"
100439,"No",200,38,7632,12,0,35,16,3,"Life Sciences","Male","Married","Travel_Rarely","Research & Development","3","Healthcare Representative","3",4,"3",10,"2","3",8,7,0,0,"Yes","5K-8K","Bachelor","High","Better"
100440,"Yes",200,49,9824,12,0,31,20,3,"Life Sciences","Male","Married","Travel_Frequently","Research & Development","3","Healthcare Representative","3",3,"3",12,"2","3",1,0,0,0,"No","8K-12K","Bachelor","High","Better"
100441,"Yes",200,50,9950,15,3,34,23,3,"Human Resources","Female","Divorced","Travel_Frequently","Human Resources","3","Human Resources","1",9,"3",11,"2","3",3,2,0,2,"Yes","8K-12K","Bachelor","Low","Better"
100442,"No",200,10,2093,17,1,42,5,2,"Other","Male","Married","Travel_Frequently","Research & Development","1","Laboratory Technician","3",4,"3",8,"4","3",2,2,2,0,"No","0-3K","College","High","Better"
100443,"No",200,50,9980,14,0,36,10,4,"Medical","Male","Single","Non-Travel","Sales","3","Sales Executive","4",1,"3",10,"3","2",10,3,9,7,"No","8K-12K","Masters","Very High","Good"
100444,"Yes",200,19,3894,16,0,22,4,1,"Technical Degree","Male","Single","Travel_Frequently","Research & Development","1","Laboratory Technician","3",5,"3",4,"3","3",2,2,1,2,"No","3K-5K","Below College","High","Better"
100445,"No",200,20,4051,14,1,48,2,5,"Marketing","Female","Married","Travel_Rarely","Sales","2","Sales Executive","4",2,"3",14,"2","3",9,7,6,7,"No","3K-5K","Doctor","Very High","Better"
100446,"No",200,84,16835,23,0,55,18,5,"Life Sciences","Female","Single","Travel_Rarely","Sales","4","Manager","2",3,"4",37,"2","3",10,9,7,7,"No","12K+","Doctor","Medium","Better"
100447,"No",200,31,6230,14,0,41,10,2,"Life Sciences","Male","Single","Non-Travel","Sales","2","Sales Executive","4",7,"3",16,"3","3",14,3,1,10,"No","5K-8K","College","Very High","Better"
100448,"No",200,24,4717,11,0,35,1,3,"Marketing","Male","Married","Travel_Rarely","Sales","2","Sales Executive","3",9,"3",15,"2","3",11,9,6,9,"No","3K-5K","Bachelor","High","Better"
100449,"No",200,66,13237,15,0,40,6,3,"Life Sciences","Female","Single","Travel_Rarely","Research & Development","4","Manufacturing Director","3",7,"3",22,"3","3",20,6,5,13,"No","12K+","Bachelor","High","Better"
100450,"No",200,19,3755,11,1,39,8,1,"Life Sciences","Female","Married","Travel_Frequently","Research & Development","1","Laboratory Technician","3",1,"3",8,"3","3",8,3,0,7,"No","3K-5K","Below College","High","Better"
100451,"No",200,33,6582,13,0,31,2,1,"Life Sciences","Male","Single","Travel_Rarely","Sales","2","Sales Executive","4",4,"3",10,"2","4",6,5,0,5,"Yes","5K-8K","Below College","Very High","Best"
100452,"No",200,37,7406,21,1,42,24,3,"Medical","Male","Married","Travel_Rarely","Research & Development","3","Manufacturing Director","1",1,"1",10,"5","2",10,9,5,8,"Yes","5K-8K","Bachelor","Low","Good"
100453,"No",200,24,4805,19,1,45,2,3,"Other","Male","Married","Travel_Rarely","Sales","2","Sales Executive","2",0,"3",9,"3","4",8,7,3,7,"No","3K-5K","Bachelor","Medium","Best"
100454,"Yes",200,14,2741,11,1,26,17,4,"Life Sciences","Female","Divorced","Travel_Frequently","Human Resources","1","Human Resources","3",0,"3",8,"2","2",7,7,1,0,"Yes","0-3K","Masters","High","Good"
100455,"No",200,21,4262,12,2,29,19,3,"Technical Degree","Male","Divorced","Travel_Rarely","Research & Development","2","Manufacturing Director","4",4,"3",8,"2","4",3,2,1,2,"No","3K-5K","Bachelor","Very High","Best"
100456,"No",200,81,16184,19,1,33,1,5,"Medical","Female","Divorced","Travel_Rarely","Research & Development","4","Research Director","3",4,"3",10,"2","3",6,1,0,5,"No","12K+","Doctor","High","Better"
100457,"No",200,58,11557,21,1,31,7,3,"Life Sciences","Male","Divorced","Travel_Rarely","Sales","3","Manager","4",9,"4",10,"3","2",5,4,0,1,"No","8K-12K","Bachelor","Very High","Good"
100458,"Yes",200,9,1878,14,0,18,5,3,"Marketing","Male","Single","Travel_Frequently","Sales","1","Sales Representative","2",1,"2",0,"3","3",0,0,0,0,"Yes","0-3K","Bachelor","Medium","Better"
100459,"No",200,55,10932,15,1,40,28,3,"Other","Male","Divorced","Non-Travel","Sales","3","Sales Executive","1",3,"3",20,"2","3",1,0,0,1,"No","8K-12K","Bachelor","Low","Better"
100460,"No",200,34,6811,17,0,41,2,4,"Other","Female","Single","Non-Travel","Research & Development","2","Healthcare Representative","3",2,"3",10,"3","3",8,7,0,7,"Yes","5K-8K","Masters","High","Better"
100461,"No",200,22,4306,12,2,26,29,2,"Medical","Male","Divorced","Travel_Rarely","Sales","2","Sales Executive","3",5,"3",8,"5","3",0,0,0,0,"No","3K-5K","College","High","Better"
100462,"No",200,24,4859,16,0,35,1,3,"Medical","Female","Single","Travel_Rarely","Sales","2","Sales Executive","3",1,"3",5,"3","3",5,4,0,3,"No","3K-5K","Bachelor","High","Better"
100463,"No",200,27,5337,12,0,34,21,4,"Life Sciences","Male","Single","Travel_Rarely","Sales","2","Sales Executive","4",1,"3",10,"3","3",10,7,5,7,"No","5K-8K","Masters","Very High","Better"
100464,"Yes",200,12,2340,18,0,26,24,3,"Technical Degree","Male","Single","Travel_Rarely","Research & Development","1","Laboratory Technician","4",1,"3",1,"3","1",1,0,0,0,"Yes","0-3K","Bachelor","Very High","Bad"
100465,"No",200,37,7491,17,0,37,1,3,"Technical Degree","Female","Single","Travel_Rarely","Research & Development","3","Manufacturing Director","4",4,"3",12,"3","4",6,5,1,2,"No","5K-8K","Bachelor","Very High","Best"
100466,"No",200,53,10527,11,0,46,18,1,"Medical","Female","Married","Travel_Frequently","Research & Development","3","Healthcare Representative","3",5,"3",28,"3","2",2,2,1,2,"No","8K-12K","Below College","High","Good"
100467,"No",200,83,16595,16,1,41,2,5,"Life Sciences","Female","Married","Travel_Rarely","Sales","4","Manager","1",7,"3",22,"2","3",18,16,11,8,"No","12K+","Doctor","Low","Better"
100468,"No",200,44,8834,13,1,37,9,4,"Medical","Male","Divorced","Non-Travel","Sales","3","Sales Executive","2",1,"3",9,"6","3",9,5,7,7,"No","8K-12K","Masters","Medium","Better"
100469,"No",200,28,5577,12,2,52,6,2,"Technical Degree","Male","Divorced","Travel_Rarely","Research & Development","2","Research Scientist","1",3,"3",18,"3","3",10,9,6,9,"Yes","5K-8K","College","Low","Better"
100470,"Yes",200,24,4707,12,0,32,11,4,"Other","Male","Married","Non-Travel","Sales","2","Sales Executive","3",8,"3",6,"2","3",4,2,1,2,"No","3K-5K","Masters","High","Better"
100471,"No",200,12,2400,13,2,24,24,3,"Medical","Male","Married","Travel_Frequently","Sales","1","Sales Representative","4",0,"3",3,"3","3",2,2,2,1,"No","0-3K","Bachelor","Very High","Better"
100472,"No",200,49,9824,19,1,38,10,3,"Medical","Female","Married","Travel_Rarely","Research & Development","2","Healthcare Representative","3",3,"3",18,"4","3",1,0,0,0,"No","8K-12K","Bachelor","High","Better"
100473,"No",200,32,6447,12,1,37,1,4,"Life Sciences","Female","Married","Travel_Rarely","Research & Development","2","Manufacturing Director","2",6,"1",8,"2","2",6,5,4,3,"No","5K-8K","Masters","Medium","Good"
100474,"No",200,98,19502,17,1,49,18,4,"Life Sciences","Male","Divorced","Travel_Rarely","Research & Development","5","Research Director","3",1,"3",31,"5","3",31,9,0,9,"Yes","12K+","Masters","High","Better"
100475,"No",200,14,2725,11,2,24,23,3,"Medical","Male","Married","Travel_Rarely","Research & Development","1","Research Scientist","4",1,"3",6,"3","3",6,5,1,4,"Yes","0-3K","Bachelor","Very High","Better"
100476,"No",200,31,6272,20,2,26,28,2,"Marketing","Male","Married","Travel_Rarely","Sales","2","Sales Executive","2",1,"4",6,"5","4",5,3,1,4,"No","5K-8K","College","Medium","Best"
100477,"No",200,11,2127,21,1,24,17,2,"Other","Male","Married","Travel_Rarely","Research & Development","1","Laboratory Technician","2",1,"4",1,"2","3",1,0,0,0,"No","0-3K","College","Medium","Better"
100478,"No",200,91,18200,11,1,50,3,3,"Medical","Male","Married","Travel_Frequently","Human Resources","5","Manager","2",1,"3",32,"2","3",32,5,10,7,"No","12K+","Bachelor","Medium","Better"
100479,"No",200,10,2096,11,0,25,13,1,"Medical","Male","Married","Travel_Rarely","Sales","1","Sales Representative","3",1,"3",7,"1","3",7,4,0,6,"No","0-3K","Below College","High","Better"
100480,"Yes",200,14,2886,16,1,24,7,3,"Life Sciences","Female","Married","Travel_Frequently","Research & Development","1","Laboratory Technician","3",1,"3",6,"4","3",6,3,1,2,"Yes","0-3K","Bachelor","High","Better"
100481,"Yes",200,10,2033,18,1,30,12,4,"Life Sciences","Male","Married","Travel_Frequently","Sales","1","Sales Representative","1",1,"3",1,"2","4",1,0,0,0,"No","0-3K","Masters","Low","Best"
100482,"No",200,18,3622,13,1,34,1,2,"Life Sciences","Male","Married","Travel_Rarely","Research & Development","1","Research Scientist","4",1,"3",6,"3","3",6,5,1,3,"Yes","3K-5K","College","Very High","Better"
100483,"Yes",200,21,4233,17,0,31,13,4,"Medical","Male","Divorced","Travel_Rarely","Sales","2","Sales Executive","1",2,"3",9,"2","1",3,1,1,2,"No","3K-5K","Masters","Low","Bad"
100484,"No",200,18,3681,14,0,35,25,2,"Other","Male","Single","Travel_Rarely","Research & Development","2","Laboratory Technician","4",4,"3",9,"3","3",3,2,0,2,"No","3K-5K","College","Very High","Better"
100485,"No",200,27,5460,22,2,31,6,4,"Medical","Male","Divorced","Travel_Rarely","Sales","2","Sales Executive","4",4,"4",13,"4","4",7,7,5,7,"No","5K-8K","Masters","Very High","Best"
100486,"No",200,11,2187,12,2,27,6,4,"Medical","Female","Divorced","Travel_Rarely","Research & Development","1","Research Scientist","3",0,"3",6,"5","2",5,3,0,3,"No","0-3K","Masters","High","Good"
100487,"No",200,48,9602,11,1,37,2,3,"Marketing","Male","Married","Travel_Rarely","Sales","2","Sales Executive","3",4,"3",17,"3","2",3,0,1,0,"Yes","8K-12K","Bachelor","High","Good"
100488,"No",200,14,2836,13,0,20,1,3,"Life Sciences","Female","Single","Travel_Rarely","Research & Development","1","Research Scientist","2",1,"1",1,"0","4",1,0,0,0,"No","0-3K","Bachelor","Medium","Best"
100489,"No",200,20,4089,13,2,42,2,4,"Life Sciences","Female","Married","Travel_Rarely","Research & Development","2","Healthcare Representative","4",1,"3",10,"4","3",10,2,2,2,"No","3K-5K","Masters","Very High","Better"
100490,"No",200,83,16627,14,1,43,6,4,"Other","Male","Divorced","Travel_Rarely","Research & Development","4","Research Director","4",4,"3",21,"3","2",1,0,0,0,"Yes","12K+","Masters","Very High","Good"
100491,"No",200,13,2619,17,0,38,1,1,"Life Sciences","Female","Single","Travel_Rarely","Research & Development","1","Research Scientist","1",3,"3",8,"3","2",0,0,0,0,"No","0-3K","Below College","Low","Good"
100492,"No",200,28,5679,13,1,43,9,5,"Medical","Male","Divorced","Travel_Frequently","Research & Development","2","Laboratory Technician","3",3,"3",10,"3","3",8,7,4,7,"Yes","5K-8K","Doctor","High","Better"
100493,"No",200,77,15402,11,1,48,1,4,"Life Sciences","Female","Married","Travel_Rarely","Research & Development","4","Manager","1",7,"3",21,"3","1",3,2,0,2,"No","12K+","Masters","Low","Bad"
100494,"No",200,30,5985,11,0,44,1,4,"Life Sciences","Female","Single","Travel_Rarely","Human Resources","2","Human Resources","3",4,"3",10,"1","4",2,2,0,2,"No","5K-8K","Masters","High","Best"
100495,"No",200,13,2579,18,2,34,14,3,"Technical Degree","Female","Divorced","Travel_Rarely","Sales","1","Sales Representative","3",1,"3",8,"3","3",8,2,0,6,"Yes","0-3K","Bachelor","High","Better"
100496,"Yes",200,15,3041,11,1,27,2,1,"Marketing","Male","Divorced","Travel_Rarely","Sales","1","Sales Representative","1",0,"3",5,"3","3",4,3,0,2,"No","3K-5K","Below College","Low","Better"
100497,"No",200,17,3447,11,0,21,22,1,"Technical Degree","Male","Single","Travel_Rarely","Sales","1","Sales Representative","3",1,"3",3,"2","3",3,2,1,2,"No","3K-5K","Below College","High","Better"
100498,"No",200,98,19513,12,1,44,3,4,"Other","Male","Married","Travel_Rarely","Research & Development","5","Manager","4",4,"3",26,"2","4",2,2,0,1,"Yes","12K+","Masters","Very High","Best"
100499,"No",200,14,2773,20,0,22,6,1,"Medical","Male","Married","Travel_Rarely","Research & Development","1","Research Scientist","3",0,"4",3,"3","3",2,2,2,2,"No","0-3K","Below College","High","Better"
100500,"No",200,36,7104,12,0,33,8,4,"Marketing","Male","Divorced","Travel_Rarely","Sales","2","Sales Executive","3",0,"3",6,"3","3",5,0,1,2,"No","5K-8K","Masters","High","Better"
100501,"No",200,32,6322,12,1,32,9,4,"Life Sciences","Female","Married","Travel_Rarely","Research & Development","2","Research Scientist","4",1,"3",6,"2","2",6,4,0,5,"Yes","5K-8K","Masters","Very High","Good"
100502,"No",200,10,2083,20,1,30,3,3,"Medical","Female","Divorced","Travel_Frequently","Research & Development","1","Research Scientist","3",1,"4",1,"2","3",1,0,0,0,"No","0-3K","Bachelor","High","Better"
100503,"No",200,42,8381,20,0,53,1,1,"Medical","Female","Single","Travel_Rarely","Sales","2","Sales Executive","1",7,"4",18,"2","4",14,7,8,10,"No","8K-12K","Below College","Low","Best"
100504,"No",200,13,2691,12,1,34,1,5,"Life Sciences","Male","Married","Travel_Rarely","Research & Development","1","Research Scientist","4",1,"3",10,"4","2",10,9,8,8,"No","0-3K","Doctor","Very High","Good"
100505,"Yes",200,21,4286,14,2,45,26,4,"Life Sciences","Female","Married","Travel_Frequently","Sales","2","Sales Executive","1",2,"3",5,"4","3",1,1,0,0,"No","3K-5K","Masters","Low","Better"
100506,"No",200,13,2659,13,1,26,6,3,"Life Sciences","Female","Married","Travel_Rarely","Research & Development","1","Laboratory Technician","4",1,"3",3,"2","3",3,2,0,2,"Yes","0-3K","Bachelor","Very High","Better"
100507,"No",200,47,9434,15,1,37,3,3,"Other","Male","Married","Travel_Rarely","Research & Development","3","Manufacturing Director","3",1,"3",10,"2","3",10,7,7,8,"No","8K-12K","Bachelor","High","Better"
100508,"No",200,28,5561,14,1,29,3,2,"Medical","Female","Married","Travel_Rarely","Sales","2","Sales Executive","3",1,"3",6,"5","2",6,0,1,2,"No","5K-8K","College","High","Good"
100509,"No",200,33,6646,13,0,35,6,4,"Life Sciences","Male","Single","Travel_Rarely","Research & Development","2","Research Scientist","4",1,"3",17,"3","3",17,11,11,8,"No","5K-8K","Masters","Very High","Better"
100510,"No",200,39,7725,23,1,33,6,3,"Life Sciences","Male","Divorced","Travel_Frequently","Research & Development","2","Healthcare Representative","4",3,"4",15,"2","1",13,11,4,7,"No","5K-8K","Bachelor","Very High","Bad"
100511,"No",200,54,10725,15,1,54,19,4,"Medical","Male","Married","Travel_Rarely","Human Resources","3","Human Resources","2",2,"3",16,"1","4",9,7,7,1,"No","8K-12K","Masters","Medium","Best"
100512,"No",200,44,8847,11,1,36,9,2,"Medical","Male","Divorced","Travel_Rarely","Research & Development","2","Manufacturing Director","2",2,"3",13,"2","3",3,2,0,2,"Yes","8K-12K","College","Medium","Better"
100513,"No",200,10,2045,13,0,27,3,4,"Medical","Male","Single","Travel_Rarely","Research & Development","1","Research Scientist","4",0,"3",5,"0","3",4,2,1,1,"No","0-3K","Masters","Very High","Better"
100514,"Yes",200,5,1009,11,0,20,10,1,"Medical","Male","Single","Travel_Rarely","Research & Development","1","Research Scientist","3",1,"3",1,"5","3",1,0,1,1,"Yes","0-3K","Below College","High","Better"
100515,"Yes",200,17,3348,11,0,33,3,3,"Life Sciences","Male","Single","Travel_Frequently","Research & Development","1","Research Scientist","1",1,"1",10,"3","3",10,8,9,7,"Yes","3K-5K","Bachelor","Low","Better"
100516,"No",200,6,1281,18,2,35,3,3,"Life Sciences","Male","Married","Non-Travel","Research & Development","1","Laboratory Technician","3",1,"3",1,"3","3",1,0,0,0,"No","0-3K","Bachelor","High","Better"
100517,"No",200,14,2819,16,1,23,4,3,"Medical","Male","Married","Travel_Rarely","Research & Development","1","Research Scientist","1",2,"3",5,"3","4",3,2,0,2,"No","0-3K","Bachelor","Low","Best"
100518,"No",200,24,4851,22,1,25,8,3,"Life Sciences","Male","Married","Travel_Rarely","Sales","2","Sales Executive","2",0,"4",4,"4","3",3,2,1,2,"No","3K-5K","Bachelor","Medium","Better"
100519,"No",200,20,4028,20,0,38,7,4,"Marketing","Female","Single","Travel_Rarely","Sales","2","Sales Executive","4",0,"4",8,"2","3",7,7,0,5,"No","3K-5K","Masters","Very High","Better"
100520,"No",200,14,2720,18,1,29,1,4,"Life Sciences","Male","Divorced","Travel_Frequently","Research & Development","1","Research Scientist","4",1,"3",10,"5","3",10,7,2,8,"No","0-3K","Masters","Very High","Better"
100521,"No",200,41,8120,12,0,48,2,1,"Marketing","Male","Married","Travel_Rarely","Sales","2","Sales Executive","2",3,"1",12,"3","3",2,2,2,2,"No","8K-12K","Below College","Medium","Better"
100522,"No",200,23,4647,20,2,27,3,1,"Medical","Female","Divorced","Travel_Frequently","Sales","2","Sales Executive","4",1,"4",6,"3","3",6,5,0,4,"Yes","3K-5K","Below College","Very High","Better"
100523,"No",200,23,4680,17,0,37,10,2,"Life Sciences","Male","Single","Travel_Rarely","Research & Development","1","Research Scientist","4",3,"3",4,"2","3",1,0,0,0,"No","3K-5K","College","Very High","Better"
100524,"No",200,16,3221,11,3,50,28,1,"Medical","Male","Married","Travel_Rarely","Research & Development","1","Laboratory Technician","3",1,"3",20,"3","3",20,8,3,8,"Yes","3K-5K","Below College","High","Better"
100525,"No",200,43,8621,14,0,34,9,3,"Medical","Female","Single","Travel_Rarely","Research & Development","3","Healthcare Representative","2",1,"2",9,"3","4",8,7,7,7,"No","8K-12K","Bachelor","Medium","Best"
100526,"Yes",200,23,4577,14,0,24,3,2,"Life Sciences","Female","Single","Travel_Rarely","Sales","2","Sales Executive","3",9,"3",4,"3","3",2,2,2,0,"No","3K-5K","College","High","Better"
100527,"No",200,23,4553,11,0,39,2,4,"Technical Degree","Female","Single","Travel_Rarely","Research & Development","2","Healthcare Representative","3",1,"3",20,"4","3",20,7,11,10,"No","3K-5K","Masters","High","Better"
100528,"No",200,27,5396,12,0,32,10,3,"Marketing","Male","Single","Travel_Rarely","Sales","2","Sales Executive","4",1,"3",10,"2","2",10,7,0,8,"No","5K-8K","Bachelor","Very High","Good"
100529,"Yes",200,34,6796,14,1,50,8,2,"Technical Degree","Male","Married","Travel_Frequently","Sales","2","Sales Executive","3",3,"3",18,"4","3",4,3,1,3,"Yes","5K-8K","College","High","Better"
100530,"No",200,38,7625,13,0,38,1,4,"Life Sciences","Female","Single","Travel_Rarely","Research & Development","2","Healthcare Representative","4",0,"3",10,"4","2",9,7,1,8,"No","5K-8K","Masters","Very High","Good"
100531,"No",200,37,7412,11,0,27,1,2,"Life Sciences","Female","Married","Travel_Rarely","Research & Development","3","Manufacturing Director","1",1,"1",9,"3","3",9,7,0,7,"No","5K-8K","College","Low","Better"
100532,"No",200,56,11159,15,0,32,3,2,"Life Sciences","Female","Single","Travel_Rarely","Research & Development","3","Research Director","4",3,"3",10,"6","3",7,7,7,7,"No","8K-12K","College","Very High","Better"
100533,"No",200,25,4960,12,0,47,14,4,"Marketing","Male","Single","Travel_Rarely","Sales","2","Sales Executive","1",2,"1",20,"2","3",7,7,1,7,"No","3K-5K","Masters","Low","Better"
100534,"No",200,52,10475,21,1,40,5,4,"Life Sciences","Male","Married","Travel_Frequently","Sales","3","Sales Executive","1",5,"4",20,"2","3",18,13,1,12,"Yes","8K-12K","Masters","Low","Better"
100535,"No",200,74,14814,19,0,53,7,3,"Life Sciences","Male","Married","Travel_Rarely","Research & Development","4","Research Director","3",3,"3",32,"3","3",5,1,1,3,"No","12K+","Bachelor","High","Better"
100536,"No",200,96,19141,15,3,41,10,4,"Human Resources","Male","Divorced","Travel_Rarely","Human Resources","5","Manager","4",3,"3",23,"2","2",21,6,12,6,"No","12K+","Masters","Very High","Good"
100537,"No",200,27,5405,14,0,60,16,4,"Marketing","Male","Single","Travel_Rarely","Sales","2","Sales Executive","1",8,"2",10,"1","3",2,2,2,2,"No","5K-8K","Masters","Low","Better"
100538,"No",200,44,8793,21,2,27,10,2,"Life Sciences","Male","Divorced","Travel_Frequently","Research & Development","3","Manufacturing Director","1",1,"4",9,"4","2",9,7,1,7,"No","8K-12K","College","Low","Good"
100539,"No",200,96,19189,12,1,41,1,3,"Human Resources","Male","Married","Travel_Rarely","Human Resources","5","Manager","3",1,"3",22,"3","3",22,7,2,10,"No","12K+","Bachelor","High","Better"
100540,"No",200,19,3875,15,1,50,8,4,"Marketing","Male","Married","Travel_Rarely","Sales","1","Sales Representative","2",7,"3",4,"2","3",2,2,2,2,"No","3K-5K","Masters","Medium","Better"
100541,"Yes",200,11,2216,13,0,28,1,2,"Life Sciences","Female","Single","Travel_Rarely","Research & Development","1","Research Scientist","2",7,"2",10,"4","3",7,7,3,7,"Yes","0-3K","College","Medium","Better"
100542,"No",200,59,11713,14,1,36,8,3,"Life Sciences","Female","Married","Non-Travel","Research & Development","3","Research Director","1",9,"3",10,"2","3",8,7,0,5,"No","8K-12K","Bachelor","Low","Better"
100543,"No",200,39,7861,14,0,38,1,3,"Life Sciences","Female","Single","Travel_Rarely","Research & Development","3","Manufacturing Director","3",4,"3",10,"4","4",1,0,0,0,"Yes","5K-8K","Bachelor","High","Best"
100544,"No",200,19,3708,14,0,44,24,3,"Medical","Male","Single","Non-Travel","Research & Development","1","Laboratory Technician","3",2,"3",9,"5","3",5,2,1,4,"No","3K-5K","Bachelor","High","Better"
100545,"No",200,69,13770,12,2,47,3,3,"Medical","Female","Divorced","Travel_Frequently","Sales","4","Sales Executive","3",9,"3",28,"2","2",22,2,11,13,"Yes","12K+","Bachelor","High","Good"
100546,"No",200,27,5304,23,1,30,27,5,"Marketing","Male","Divorced","Travel_Rarely","Sales","2","Sales Executive","4",7,"4",10,"2","2",8,7,7,7,"No","5K-8K","Doctor","Very High","Good"
100547,"No",200,13,2642,11,0,29,10,3,"Life Sciences","Male","Single","Travel_Rarely","Sales","1","Sales Representative","3",1,"3",1,"6","3",1,0,0,0,"No","0-3K","Bachelor","High","Better"
100548,"Yes",200,14,2759,12,0,42,19,3,"Medical","Male","Divorced","Travel_Frequently","Research & Development","1","Research Scientist","3",6,"3",7,"2","3",2,2,2,2,"Yes","0-3K","Bachelor","High","Better"
100549,"No",200,34,6804,18,1,43,15,3,"Life Sciences","Male","Married","Travel_Frequently","Sales","2","Sales Executive","4",3,"3",7,"5","3",2,2,2,2,"No","5K-8K","Bachelor","Very High","Better"
100550,"No",200,31,6142,11,0,34,8,2,"Medical","Female","Single","Travel_Rarely","Research & Development","2","Healthcare Representative","3",3,"3",10,"2","3",5,1,4,3,"No","5K-8K","College","High","Better"
100551,"No",200,13,2500,14,1,23,9,1,"Medical","Male","Married","Travel_Rarely","Research & Development","1","Laboratory Technician","1",1,"3",5,"2","4",4,3,0,2,"No","0-3K","Below College","Low","Best"
100552,"No",200,32,6389,15,1,39,3,3,"Human Resources","Female","Married","Travel_Rarely","Human Resources","2","Human Resources","2",9,"1",12,"3","1",8,3,3,6,"No","5K-8K","Bachelor","Medium","Bad"
100553,"No",200,56,11103,11,0,56,9,3,"Medical","Male","Married","Travel_Rarely","Research & Development","4","Healthcare Representative","4",7,"3",30,"1","2",10,7,1,1,"No","8K-12K","Bachelor","Very High","Good"
100554,"No",200,12,2342,20,0,40,2,1,"Medical","Female","Single","Travel_Rarely","Research & Development","1","Research Scientist","4",0,"4",5,"2","2",4,2,2,3,"Yes","0-3K","Below College","Very High","Good"
100555,"No",200,34,6811,19,0,27,7,3,"Medical","Female","Single","Travel_Rarely","Research & Development","2","Healthcare Representative","1",8,"3",9,"2","1",7,6,0,7,"No","5K-8K","Bachelor","Low","Bad"
100556,"No",200,11,2297,14,2,29,10,3,"Marketing","Male","Divorced","Travel_Rarely","Sales","1","Sales Representative","2",1,"3",2,"2","3",2,2,2,2,"No","0-3K","Bachelor","Medium","Better"
100557,"No",200,12,2450,17,0,53,6,3,"Life Sciences","Male","Single","Travel_Rarely","Research & Development","2","Laboratory Technician","4",2,"3",19,"4","3",2,2,2,2,"No","0-3K","Bachelor","Very High","Better"
100558,"No",200,25,5093,11,1,35,2,4,"Life Sciences","Female","Divorced","Non-Travel","Research & Development","2","Healthcare Representative","1",2,"3",16,"2","4",1,0,0,0,"No","5K-8K","Masters","Low","Best"
100559,"No",200,27,5309,15,2,32,24,4,"Life Sciences","Male","Married","Travel_Frequently","Research & Development","2","Laboratory Technician","4",1,"3",10,"2","3",10,8,4,7,"No","5K-8K","Masters","Very High","Better"
100560,"No",200,15,3057,13,1,38,2,5,"Medical","Male","Married","Travel_Rarely","Research & Development","1","Research Scientist","3",6,"3",6,"0","1",1,0,0,1,"Yes","3K-5K","Doctor","High","Bad"
100561,"No",200,26,5121,14,1,34,8,5,"Life Sciences","Female","Divorced","Travel_Rarely","Research & Development","2","Manufacturing Director","1",3,"3",7,"3","3",0,0,0,0,"No","5K-8K","Doctor","Low","Better"
100562,"No",200,84,16856,11,0,52,3,4,"Marketing","Male","Married","Travel_Rarely","Sales","4","Manager","1",1,"3",34,"3","4",34,6,1,16,"No","12K+","Masters","Low","Best"
100563,"Yes",200,13,2686,13,0,33,1,4,"Other","Male","Single","Travel_Rarely","Research & Development","1","Research Scientist","4",1,"3",10,"2","2",10,9,7,8,"Yes","0-3K","Masters","Very High","Good"
100564,"No",200,31,6180,23,0,25,26,1,"Medical","Female","Single","Travel_Rarely","Sales","2","Sales Executive","4",1,"4",6,"5","2",6,5,1,4,"No","5K-8K","Below College","Very High","Good"
100565,"No",200,33,6632,13,0,45,2,2,"Technical Degree","Male","Single","Travel_Rarely","Sales","2","Sales Representative","3",0,"3",9,"3","3",8,7,3,1,"No","5K-8K","College","High","Better"
100566,"No",200,18,3505,18,0,23,10,1,"Medical","Male","Single","Travel_Rarely","Research & Development","1","Research Scientist","3",1,"3",2,"3","3",2,2,0,2,"No","3K-5K","Below College","High","Better"
100567,"Yes",200,32,6397,12,0,47,27,2,"Life Sciences","Female","Single","Travel_Frequently","Sales","2","Sales Executive","3",4,"3",8,"2","3",5,4,1,3,"Yes","5K-8K","College","High","Better"
100568,"No",200,31,6274,22,0,34,2,3,"Other","Male","Single","Travel_Rarely","Sales","2","Sales Executive","4",1,"4",6,"5","3",6,5,1,4,"No","5K-8K","Bachelor","Very High","Better"
100569,"Yes",200,99,19859,13,1,55,2,3,"Medical","Male","Married","Travel_Rarely","Research & Development","5","Manager","1",5,"3",24,"2","3",5,2,1,4,"Yes","12K+","Bachelor","Low","Better"
100570,"No",200,38,7587,15,0,36,8,4,"Life Sciences","Male","Single","Non-Travel","Sales","3","Sales Executive","1",1,"2",10,"1","3",10,7,0,9,"No","5K-8K","Masters","Low","Better"
100571,"No",200,21,4258,18,1,52,19,4,"Medical","Male","Married","Non-Travel","Research & Development","1","Research Scientist","4",0,"3",5,"3","3",4,3,1,2,"No","3K-5K","Masters","Very High","Better"
100572,"No",200,22,4364,14,1,26,1,2,"Life Sciences","Female","Divorced","Travel_Frequently","Research & Development","1","Laboratory Technician","4",3,"3",5,"2","3",2,2,2,0,"No","3K-5K","College","Very High","Better"
100573,"No",200,22,4335,12,1,29,27,3,"Medical","Female","Married","Travel_Rarely","Research & Development","2","Healthcare Representative","3",4,"3",11,"3","2",8,7,1,1,"No","3K-5K","Bachelor","High","Good"
100574,"Yes",200,27,5326,17,0,26,8,3,"Technical Degree","Male","Single","Travel_Rarely","Sales","2","Sales Executive","1",6,"3",6,"2","2",4,3,1,2,"No","5K-8K","Bachelor","Low","Good"
100575,"No",200,16,3280,16,0,34,1,4,"Life Sciences","Female","Single","Travel_Rarely","Research & Development","1","Research Scientist","4",2,"3",10,"2","3",4,2,1,3,"No","3K-5K","Masters","Very High","Better"
100576,"No",200,27,5485,11,2,54,19,4,"Medical","Female","Divorced","Travel_Rarely","Research & Development","2","Manufacturing Director","1",9,"3",9,"4","3",5,3,1,4,"Yes","5K-8K","Masters","Low","Better"
100577,"No",200,22,4342,19,1,27,8,1,"Marketing","Male","Married","Travel_Frequently","Sales","2","Sales Executive","4",0,"3",5,"3","3",4,2,1,1,"No","3K-5K","Below College","Very High","Better"
100578,"No",200,14,2782,13,2,37,10,1,"Life Sciences","Female","Divorced","Travel_Rarely","Research & Development","1","Research Scientist","1",0,"2",6,"3","2",5,3,4,3,"Yes","0-3K","Below College","Low","Good"
100579,"No",200,30,5980,12,0,38,2,4,"Life Sciences","Female","Single","Travel_Frequently","Research & Development","2","Manufacturing Director","1",6,"1",17,"2","3",15,7,4,12,"Yes","5K-8K","Masters","Low","Better"
100580,"No",200,22,4381,11,0,34,2,4,"Medical","Female","Single","Travel_Rarely","Research & Development","1","Research Scientist","1",1,"1",6,"3","3",6,5,1,3,"No","3K-5K","Masters","Low","Better"
100581,"No",200,13,2572,16,1,35,8,4,"Life Sciences","Female","Married","Travel_Rarely","Sales","1","Sales Representative","4",1,"3",3,"1","2",3,2,0,2,"No","0-3K","Masters","Very High","Good"
100582,"No",200,19,3833,21,2,30,1,3,"Life Sciences","Male","Married","Travel_Rarely","Research & Development","1","Laboratory Technician","3",3,"4",7,"2","3",2,2,0,2,"No","3K-5K","Bachelor","High","Better"
100583,"No",200,21,4244,24,1,40,2,2,"Medical","Female","Married","Travel_Frequently","Research & Development","2","Healthcare Representative","2",1,"4",8,"2","3",8,7,3,7,"No","3K-5K","College","Medium","Better"
100584,"No",200,33,6500,17,1,34,8,2,"Life Sciences","Female","Married","Travel_Rarely","Sales","2","Sales Executive","1",5,"3",6,"1","3",3,2,1,2,"No","5K-8K","College","Low","Better"
100585,"No",200,92,18430,13,1,42,8,3,"Life Sciences","Male","Divorced","Travel_Frequently","Research & Development","5","Manager","4",1,"3",24,"4","2",24,7,14,9,"No","12K+","Bachelor","Very High","Good"
100586,"Yes",200,8,1601,21,2,23,6,3,"Life Sciences","Male","Married","Travel_Rarely","Research & Development","1","Laboratory Technician","1",1,"4",1,"2","3",0,0,0,0,"Yes","0-3K","Bachelor","Low","Better"
100587,"No",200,13,2694,11,3,24,9,3,"Life Sciences","Male","Divorced","Non-Travel","Research & Development","1","Laboratory Technician","2",1,"3",1,"4","3",1,0,0,0,"No","0-3K","Bachelor","Medium","Better"
100588,"No",200,16,3149,20,1,52,11,4,"Life Sciences","Female","Married","Travel_Rarely","Research & Development","2","Laboratory Technician","3",8,"4",9,"3","3",5,2,1,4,"No","3K-5K","Masters","High","Better"
100589,"No",200,88,17639,16,0,50,2,3,"Medical","Male","Married","Travel_Rarely","Research & Development","4","Research Director","3",5,"3",30,"3","3",4,3,0,3,"No","12K+","Bachelor","High","Better"
100590,"Yes",200,12,2319,11,1,29,1,2,"Life Sciences","Female","Married","Travel_Rarely","Research & Development","1","Laboratory Technician","1",1,"3",1,"1","3",1,0,0,0,"Yes","0-3K","College","Low","Better"
100591,"No",200,58,11691,11,0,33,7,3,"Medical","Male","Married","Travel_Rarely","Research & Development","3","Research Director","3",0,"3",14,"3","4",13,9,3,7,"No","8K-12K","Bachelor","High","Best"
100592,"Yes",200,27,5324,15,0,33,16,3,"Marketing","Female","Single","Travel_Rarely","Sales","2","Sales Executive","1",5,"2",6,"3","3",3,2,0,2,"No","5K-8K","Bachelor","Low","Better"
100593,"No",200,84,16752,11,1,47,2,2,"Other","Female","Married","Travel_Rarely","Research & Development","4","Manager","4",1,"3",26,"3","2",26,14,3,0,"Yes","12K+","College","Very High","Good"
100594,"No",200,26,5228,15,1,36,1,3,"Other","Female","Married","Travel_Rarely","Research & Development","2","Manufacturing Director","2",0,"3",10,"2","3",9,7,0,5,"No","5K-8K","Bachelor","Medium","Better"
100595,"No",200,14,2700,24,1,29,23,2,"Life Sciences","Male","Married","Travel_Rarely","Research & Development","1","Research Scientist","3",1,"4",10,"3","3",10,7,0,7,"No","0-3K","College","High","Better"
100596,"Yes",200,96,19246,12,0,58,2,4,"Life Sciences","Male","Single","Travel_Rarely","Research & Development","5","Research Director","2",7,"3",40,"2","3",31,15,13,8,"Yes","12K+","Masters","Medium","Better"
100597,"No",200,13,2506,13,0,35,1,4,"Life Sciences","Female","Single","Travel_Rarely","Research & Development","1","Research Scientist","3",3,"3",7,"0","3",2,2,2,2,"No","0-3K","Masters","High","Better"
100598,"No",200,30,6062,13,1,42,1,2,"Life Sciences","Female","Married","Travel_Rarely","Research & Development","2","Manufacturing Director","4",9,"3",8,"4","3",4,3,0,2,"Yes","5K-8K","College","Very High","Better"
100599,"Yes",200,22,4382,17,0,28,2,4,"Medical","Male","Single","Travel_Rarely","Research & Development","1","Research Scientist","3",6,"3",5,"3","2",2,2,2,1,"No","3K-5K","Masters","High","Good"
100600,"No",200,11,2143,13,1,36,13,3,"Human Resources","Male","Married","Travel_Rarely","Human Resources","1","Human Resources","2",4,"3",8,"2","3",5,2,0,4,"No","0-3K","Bachelor","Medium","Better"
100601,"No",200,31,6162,12,1,32,4,3,"Life Sciences","Female","Married","Travel_Rarely","Research & Development","2","Manufacturing Director","3",1,"3",14,"3","3",14,13,6,8,"No","5K-8K","Bachelor","High","Better"
100602,"No",200,25,5094,14,0,40,16,4,"Medical","Male","Single","Travel_Frequently","Research & Development","2","Laboratory Technician","3",6,"3",10,"6","3",1,0,0,0,"No","5K-8K","Masters","High","Better"
100603,"No",200,34,6877,24,0,30,2,3,"Medical","Female","Single","Travel_Rarely","Research & Development","2","Manufacturing Director","4",5,"4",12,"4","2",0,0,0,0,"Yes","5K-8K","Bachelor","Very High","Good"
100604,"No",200,11,2274,14,0,45,2,3,"Life Sciences","Female","Single","Travel_Rarely","Research & Development","1","Research Scientist","3",1,"3",1,"3","3",1,0,0,0,"No","0-3K","Bachelor","High","Better"
100605,"No",200,22,4434,13,1,42,29,3,"Life Sciences","Male","Married","Travel_Rarely","Research & Development","2","Manufacturing Director","2",1,"1",10,"3","2",9,8,7,8,"No","3K-5K","Bachelor","Medium","Good"
100606,"No",200,31,6288,15,1,38,12,3,"Life Sciences","Male","Divorced","Travel_Frequently","Research & Development","2","Healthcare Representative","1",2,"3",13,"3","2",4,3,1,2,"No","5K-8K","Bachelor","Low","Good"
100607,"No",200,13,2553,16,0,34,16,4,"Life Sciences","Female","Single","Travel_Frequently","Research & Development","1","Research Scientist","4",1,"3",6,"3","3",5,2,1,3,"No","0-3K","Masters","Very High","Better"
100608,"Yes",200,38,7654,18,2,49,11,3,"Marketing","Female","Married","Travel_Rarely","Sales","3","Sales Executive","4",1,"3",9,"3","4",9,8,7,7,"No","5K-8K","Bachelor","Very High","Best"
100609,"Yes",200,26,5160,16,0,55,2,1,"Medical","Male","Single","Travel_Rarely","Sales","2","Sales Executive","4",4,"3",12,"3","2",9,7,7,3,"No","5K-8K","Below College","Very High","Good"
100610,"No",200,86,17159,24,1,43,14,2,"Life Sciences","Male","Married","Travel_Rarely","Research & Development","4","Research Director","1",6,"4",22,"3","3",4,1,1,0,"No","12K+","College","Low","Better"
100611,"No",200,64,12808,16,1,27,5,1,"Technical Degree","Male","Divorced","Travel_Rarely","Research & Development","3","Research Director","4",1,"3",9,"3","3",9,8,0,8,"Yes","12K+","Below College","Very High","Better"
100612,"No",200,51,10221,21,0,35,7,3,"Other","Male","Single","Travel_Rarely","Research & Development","3","Manufacturing Director","3",3,"4",17,"3","4",8,5,1,6,"No","8K-12K","Bachelor","High","Best"
100613,"No",200,24,4779,20,0,28,2,4,"Marketing","Female","Married","Travel_Rarely","Sales","2","Sales Executive","2",1,"4",8,"2","3",8,7,7,5,"Yes","3K-5K","Masters","Medium","Better"
100614,"No",200,19,3737,19,1,34,3,2,"Human Resources","Male","Married","Travel_Rarely","Human Resources","1","Human Resources","4",0,"3",4,"1","1",3,2,0,2,"No","3K-5K","College","Very High","Bad"
100615,"Yes",200,12,2366,14,1,26,5,2,"Medical","Female","Married","Travel_Frequently","Research & Development","1","Research Scientist","3",1,"3",8,"2","3",8,7,1,7,"Yes","0-3K","College","High","Better"
100616,"No",200,9,1706,11,3,27,3,3,"Medical","Male","Married","Non-Travel","Research & Development","1","Research Scientist","4",1,"3",0,"6","2",0,0,0,0,"No","0-3K","Bachelor","Very High","Good"
100617,"No",200,82,16307,14,1,51,26,4,"Marketing","Female","Married","Travel_Rarely","Sales","4","Manager","3",2,"3",29,"2","2",20,6,4,17,"No","12K+","Masters","High","Good"
100618,"No",200,30,5933,12,0,44,4,3,"Medical","Male","Single","Travel_Rarely","Research & Development","2","Healthcare Representative","2",9,"1",10,"2","2",5,2,2,3,"No","5K-8K","Bachelor","Medium","Good"
100619,"No",200,17,3424,13,0,25,2,1,"Medical","Male","Single","Travel_Rarely","Research & Development","1","Research Scientist","1",7,"1",6,"3","2",4,3,0,1,"No","3K-5K","Below College","Low","Good"
100620,"No",200,20,4037,22,1,33,1,3,"Medical","Male","Divorced","Travel_Rarely","Sales","2","Sales Executive","1",1,"4",9,"5","3",9,8,0,8,"No","3K-5K","Bachelor","Low","Better"
100621,"No",200,13,2559,11,0,35,27,1,"Medical","Female","Single","Travel_Rarely","Research & Development","1","Research Scientist","1",1,"1",6,"3","2",6,5,1,1,"No","0-3K","Below College","Low","Good"
100622,"No",200,31,6201,14,1,36,1,2,"Life Sciences","Male","Married","Travel_Rarely","Sales","2","Sales Executive","4",1,"3",18,"1","2",18,14,4,11,"Yes","5K-8K","College","Very High","Good"
100623,"No",200,22,4403,11,1,32,13,4,"Life Sciences","Male","Divorced","Travel_Rarely","Sales","2","Sales Executive","4",2,"3",8,"3","2",5,2,0,3,"No","3K-5K","Masters","Very High","Good"
100624,"No",200,19,3761,12,1,30,5,4,"Life Sciences","Male","Divorced","Travel_Frequently","Research & Development","1","Research Scientist","4",9,"3",10,"3","2",5,4,0,3,"No","3K-5K","Masters","Very High","Good"
100625,"No",200,55,10934,18,1,53,7,2,"Marketing","Female","Married","Travel_Rarely","Sales","3","Sales Executive","4",7,"3",35,"3","3",5,2,0,4,"Yes","8K-12K","College","Very High","Better"
100626,"No",200,54,10761,12,1,45,9,3,"Marketing","Male","Divorced","Travel_Rarely","Sales","3","Sales Executive","1",4,"3",18,"2","3",5,4,0,2,"Yes","8K-12K","Bachelor","Low","Better"
100627,"No",200,26,5175,12,1,32,8,2,"Medical","Female","Married","Travel_Rarely","Research & Development","2","Research Scientist","3",5,"3",9,"3","2",5,3,1,3,"No","5K-8K","College","High","Good"
100628,"No",200,69,13826,22,0,52,25,4,"Medical","Female","Married","Travel_Frequently","Research & Development","4","Manufacturing Director","4",3,"4",31,"3","3",9,8,0,0,"No","12K+","Masters","Very High","Better"
100629,"No",200,32,6334,19,2,37,16,4,"Marketing","Male","Divorced","Travel_Rarely","Sales","2","Sales Executive","3",4,"3",9,"2","3",1,0,0,0,"No","5K-8K","Masters","High","Better"
100630,"No",200,25,4936,13,1,28,8,2,"Medical","Male","Divorced","Travel_Rarely","Human Resources","1","Human Resources","4",1,"3",6,"6","3",5,1,0,4,"No","3K-5K","College","Very High","Better"
100631,"No",200,24,4775,22,2,22,1,2,"Life Sciences","Male","Married","Travel_Rarely","Research & Development","2","Manufacturing Director","4",6,"4",4,"2","1",2,2,2,2,"No","3K-5K","College","Very High","Bad"
100632,"No",200,14,2818,24,1,44,8,4,"Life Sciences","Male","Married","Travel_Rarely","Research & Development","1","Laboratory Technician","4",2,"4",10,"2","2",3,2,0,2,"Yes","0-3K","Masters","Very High","Good"
100633,"No",200,13,2515,14,0,42,2,1,"Medical","Male","Single","Travel_Frequently","Research & Development","1","Research Scientist","4",5,"3",8,"2","3",2,1,2,2,"Yes","0-3K","Below College","Very High","Better"
100634,"No",200,12,2342,21,0,36,8,3,"Life Sciences","Male","Married","Travel_Rarely","Human Resources","1","Human Resources","1",0,"4",6,"3","3",5,4,0,3,"No","0-3K","Bachelor","Low","Better"
100635,"No",200,21,4194,18,0,25,3,1,"Other","Male","Married","Travel_Rarely","Sales","2","Sales Executive","1",1,"3",5,"3","3",5,3,0,3,"Yes","3K-5K","Below College","Low","Better"
100636,"No",200,53,10685,20,1,35,9,3,"Life Sciences","Female","Married","Travel_Rarely","Research & Development","3","Manufacturing Director","3",1,"4",17,"2","3",17,14,5,15,"Yes","8K-12K","Bachelor","High","Better"
100637,"Yes",200,10,2022,19,1,35,25,4,"Life Sciences","Female","Divorced","Travel_Frequently","Research & Development","1","Research Scientist","2",1,"1",10,"3","2",10,2,7,8,"Yes","0-3K","Masters","Medium","Good"
100638,"No",200,12,2314,12,1,32,1,3,"Life Sciences","Male","Divorced","Non-Travel","Research & Development","1","Laboratory Technician","4",0,"3",4,"2","3",3,0,0,2,"No","0-3K","Bachelor","Very High","Better"
100639,"No",200,21,4256,12,0,25,4,1,"Marketing","Male","Married","Travel_Rarely","Sales","2","Sales Executive","1",1,"2",5,"1","4",5,2,0,3,"No","3K-5K","Below College","Low","Best"
100640,"No",200,18,3580,16,1,49,1,3,"Technical Degree","Female","Married","Travel_Rarely","Research & Development","1","Research Scientist","1",2,"3",7,"2","3",4,2,0,2,"No","3K-5K","Bachelor","Low","Better"
100641,"No",200,16,3162,17,0,24,4,1,"Life Sciences","Male","Married","Non-Travel","Research & Development","1","Laboratory Technician","4",0,"3",6,"2","2",5,2,3,4,"No","3K-5K","Below College","Very High","Good"
100642,"No",200,33,6524,14,1,32,5,2,"Life Sciences","Male","Married","Travel_Frequently","Sales","2","Sales Executive","2",1,"3",10,"3","3",10,8,5,3,"No","5K-8K","College","Medium","Better"
100643,"No",200,14,2899,19,1,38,9,3,"Marketing","Male","Married","Travel_Rarely","Sales","1","Sales Representative","2",0,"3",3,"3","3",2,2,1,2,"No","0-3K","Bachelor","Medium","Better"
100644,"No",200,26,5231,13,1,42,3,3,"Life Sciences","Female","Married","Travel_Rarely","Research & Development","2","Laboratory Technician","4",2,"3",17,"1","2",5,3,1,3,"Yes","5K-8K","Bachelor","Very High","Good"
100645,"No",200,12,2356,19,1,31,11,4,"Life Sciences","Male","Married","Travel_Rarely","Research & Development","1","Research Scientist","4",3,"3",8,"2","3",6,4,0,2,"Yes","0-3K","Masters","Very High","Better"
100646,"Yes",200,14,2800,19,3,29,1,3,"Medical","Female","Divorced","Travel_Rarely","Sales","1","Sales Representative","3",6,"3",5,"3","3",3,2,0,2,"Yes","0-3K","Bachelor","High","Better"
100647,"No",200,59,11836,14,1,53,8,3,"Marketing","Male","Married","Travel_Rarely","Sales","4","Sales Executive","4",5,"3",28,"3","3",2,0,2,2,"No","8K-12K","Bachelor","Very High","Better"
100648,"No",200,55,10903,16,0,35,25,3,"Technical Degree","Male","Married","Travel_Rarely","Research & Development","3","Manufacturing Director","2",3,"3",16,"2","3",13,10,4,8,"No","8K-12K","Bachelor","Medium","Better"
100649,"No",200,15,2973,15,1,37,21,2,"Medical","Female","Married","Travel_Frequently","Sales","1","Sales Representative","4",5,"3",10,"3","3",5,4,0,0,"No","0-3K","College","Very High","Better"
100650,"No",200,71,14275,18,0,53,23,4,"Life Sciences","Female","Single","Travel_Rarely","Research & Development","4","Research Director","4",6,"3",33,"0","3",12,9,3,8,"No","12K+","Masters","Very High","Better"
100651,"No",200,28,5562,13,1,43,1,3,"Life Sciences","Female","Married","Travel_Frequently","Research & Development","2","Healthcare Representative","4",4,"3",12,"2","2",5,2,2,2,"No","5K-8K","Bachelor","Very High","Good"
100652,"No",200,23,4537,22,1,47,2,2,"Marketing","Female","Married","Travel_Rarely","Sales","2","Sales Executive","4",0,"4",8,"2","3",7,6,7,7,"Yes","3K-5K","College","Very High","Better"
100653,"No",200,38,7642,13,0,37,19,2,"Medical","Male","Single","Non-Travel","Sales","3","Sales Executive","2",1,"1",10,"2","3",10,0,0,9,"Yes","5K-8K","College","Medium","Better"
100654,"No",200,90,17924,11,1,50,2,4,"Life Sciences","Male","Divorced","Non-Travel","Research & Development","4","Manager","1",1,"3",31,"3","3",31,6,14,7,"No","12K+","Masters","Low","Better"
100655,"No",200,26,5204,11,2,39,2,3,"Life Sciences","Female","Married","Travel_Rarely","Human Resources","2","Human Resources","4",8,"3",13,"2","3",5,4,0,4,"No","5K-8K","Bachelor","Very High","Better"
100656,"No",200,11,2277,11,1,33,3,2,"Human Resources","Male","Divorced","Travel_Rarely","Human Resources","1","Human Resources","2",3,"3",7,"4","4",4,3,0,3,"Yes","0-3K","College","Medium","Best"
100657,"Yes",200,14,2795,24,0,32,25,4,"Life Sciences","Male","Single","Travel_Rarely","Research & Development","1","Laboratory Technician","4",1,"4",1,"2","1",1,0,0,1,"Yes","0-3K","Masters","Very High","Bad"
100658,"No",200,13,2532,14,3,29,7,1,"Medical","Female","Divorced","Travel_Rarely","Research & Development","1","Laboratory Technician","4",6,"3",8,"5","3",4,3,0,3,"No","0-3K","Below College","Very High","Better"
100659,"No",200,13,2559,13,0,44,9,2,"Life Sciences","Male","Married","Travel_Rarely","Research & Development","1","Research Scientist","1",1,"2",8,"0","3",8,7,7,1,"Yes","0-3K","College","Low","Better"
100660,"No",200,25,4908,14,0,28,5,4,"Medical","Male","Single","Travel_Rarely","Sales","2","Sales Executive","4",1,"3",4,"3","3",4,2,0,2,"No","3K-5K","Masters","Very High","Better"
100661,"Yes",200,12,2380,14,1,58,2,1,"Life Sciences","Male","Divorced","Travel_Frequently","Research & Development","1","Laboratory Technician","4",9,"3",3,"3","2",1,0,0,0,"Yes","0-3K","Below College","Very High","Good"
100662,"No",200,24,4765,21,1,43,8,3,"Life Sciences","Female","Divorced","Travel_Rarely","Research & Development","2","Manufacturing Director","2",4,"4",4,"2","4",1,0,0,0,"No","3K-5K","Bachelor","Medium","Best"
100663,"Yes",200,10,2044,13,0,20,2,3,"Medical","Female","Single","Travel_Rarely","Sales","1","Sales Representative","3",1,"3",2,"3","2",2,2,0,2,"No","0-3K","Bachelor","High","Good"
100664,"Yes",200,13,2693,19,0,21,18,1,"Other","Female","Single","Travel_Rarely","Research & Development","1","Research Scientist","4",1,"3",1,"3","2",1,0,0,0,"No","0-3K","Below College","Very High","Good"
100665,"No",200,33,6586,17,1,36,14,1,"Life Sciences","Male","Married","Travel_Rarely","Research & Development","2","Healthcare Representative","4",0,"3",17,"2","2",16,8,4,11,"Yes","5K-8K","Below College","Very High","Good"
100666,"No",200,16,3294,18,0,47,2,4,"Life Sciences","Female","Single","Travel_Rarely","Sales","1","Sales Representative","4",1,"3",3,"3","2",3,2,1,2,"Yes","3K-5K","Masters","Very High","Good"
100667,"Yes",200,21,4171,19,1,22,3,1,"Life Sciences","Female","Married","Travel_Rarely","Research & Development","2","Manufacturing Director","3",0,"3",4,"3","4",3,2,0,2,"Yes","3K-5K","Below College","High","Best"
100668,"Yes",200,14,2778,13,1,41,2,4,"Life Sciences","Female","Divorced","Travel_Rarely","Research & Development","1","Laboratory Technician","4",4,"3",10,"1","2",7,7,1,0,"Yes","0-3K","Masters","Very High","Good"
100669,"No",200,12,2377,18,1,28,9,3,"Medical","Female","Divorced","Travel_Rarely","Research & Development","1","Research Scientist","3",5,"3",6,"2","3",2,2,2,2,"No","0-3K","Bachelor","High","Better"
100670,"Yes",200,12,2404,21,0,39,6,3,"Medical","Male","Married","Travel_Rarely","Research & Development","1","Laboratory Technician","1",7,"4",8,"2","1",2,2,2,2,"Yes","0-3K","Bachelor","Low","Bad"
100671,"No",200,12,2318,19,0,27,4,3,"Life Sciences","Female","Single","Travel_Rarely","Research & Development","1","Research Scientist","3",1,"3",1,"2","3",1,1,0,0,"No","0-3K","Bachelor","High","Better"
100672,"No",200,10,2008,14,2,34,10,3,"Life Sciences","Male","Divorced","Travel_Rarely","Research & Development","1","Laboratory Technician","2",1,"3",1,"3","3",1,0,1,0,"No","0-3K","Bachelor","Medium","Better"
100673,"No",200,31,6244,17,0,42,14,2,"Medical","Female","Single","Travel_Rarely","Sales","2","Sales Executive","3",7,"3",10,"6","3",5,4,0,3,"No","5K-8K","College","High","Better"
100674,"No",200,14,2799,11,0,33,1,4,"Other","Male","Single","Travel_Rarely","Research & Development","1","Research Scientist","1",3,"1",6,"1","3",3,2,0,2,"Yes","0-3K","Masters","Low","Better"
100675,"No",200,53,10552,13,1,58,5,3,"Technical Degree","Female","Divorced","Travel_Rarely","Research & Development","3","Healthcare Representative","2",2,"3",24,"3","3",6,0,0,4,"Yes","8K-12K","Bachelor","Medium","Better"
100676,"No",200,12,2329,15,0,31,7,4,"Life Sciences","Male","Married","Travel_Rarely","Sales","1","Sales Representative","3",3,"3",13,"2","4",7,7,5,2,"No","0-3K","Masters","High","Best"
100677,"No",200,20,4014,25,1,35,21,1,"Life Sciences","Female","Married","Travel_Rarely","Research & Development","2","Healthcare Representative","4",1,"4",10,"2","1",10,6,0,7,"Yes","3K-5K","Below College","Very High","Bad"
100678,"No",200,37,7403,11,1,49,8,2,"Other","Female","Married","Travel_Rarely","Research & Development","3","Laboratory Technician","2",4,"3",29,"3","2",26,9,1,7,"No","5K-8K","College","Medium","Good"
100679,"No",200,11,2259,17,2,48,20,4,"Medical","Male","Married","Travel_Rarely","Research & Development","1","Research Scientist","3",4,"3",13,"2","2",0,0,0,0,"No","0-3K","Masters","High","Good"
100680,"No",200,35,6932,13,1,31,20,2,"Marketing","Female","Married","Non-Travel","Sales","2","Sales Executive","3",1,"3",9,"2","2",9,8,0,0,"No","5K-8K","College","High","Good"
100681,"No",200,23,4678,18,0,36,7,4,"Other","Male","Single","Travel_Rarely","Research & Development","1","Research Scientist","4",2,"3",8,"6","3",6,2,0,1,"No","3K-5K","Masters","Very High","Better"
100682,"No",200,68,13582,13,1,38,1,3,"Technical Degree","Female","Married","Travel_Rarely","Research & Development","3","Research Director","1",1,"3",15,"3","3",15,12,5,11,"No","12K+","Bachelor","Low","Better"
100683,"No",200,12,2332,20,0,32,1,3,"Life Sciences","Female","Married","Non-Travel","Research & Development","1","Laboratory Technician","2",6,"4",5,"3","3",3,0,0,2,"No","0-3K","Bachelor","Medium","Better"
100684,"Yes",200,12,2413,18,3,25,19,2,"Marketing","Male","Married","Travel_Rarely","Sales","1","Sales Representative","2",1,"3",1,"2","3",1,0,0,0,"Yes","0-3K","College","Medium","Better"
100685,"No",200,49,9705,12,1,40,10,4,"Marketing","Male","Divorced","Travel_Rarely","Sales","3","Sales Executive","2",2,"3",11,"2","2",1,0,0,0,"No","8K-12K","Masters","Medium","Good"
100686,"No",200,21,4294,12,0,26,1,3,"Medical","Male","Single","Travel_Frequently","Sales","2","Sales Executive","1",1,"2",7,"2","3",7,7,0,7,"No","3K-5K","Bachelor","Low","Better"
100687,"No",200,24,4721,13,0,41,6,3,"Medical","Male","Single","Travel_Rarely","Research & Development","1","Laboratory Technician","1",2,"1",20,"3","3",18,13,2,17,"Yes","3K-5K","Bachelor","Low","Better"
100688,"No",200,13,2519,21,0,36,2,4,"Medical","Male","Single","Travel_Rarely","Research & Development","1","Laboratory Technician","3",4,"4",16,"6","3",11,8,3,9,"No","0-3K","Masters","High","Better"
100689,"Yes",200,11,2121,13,0,19,21,3,"Other","Male","Single","Travel_Rarely","Sales","1","Sales Representative","2",1,"1",1,"3","4",1,0,0,0,"Yes","0-3K","Bachelor","Medium","Best"
100690,"Yes",200,15,2973,19,0,20,4,3,"Technical Degree","Male","Single","Travel_Rarely","Research & Development","1","Laboratory Technician","1",1,"3",1,"2","3",1,0,0,0,"No","0-3K","Bachelor","Low","Better"
100691,"No",200,29,5855,11,2,31,12,3,"Medical","Female","Married","Travel_Rarely","Research & Development","2","Healthcare Representative","4",0,"3",10,"2","1",9,7,8,5,"Yes","5K-8K","Bachelor","Very High","Bad"
100692,"No",200,18,3617,14,1,40,9,4,"Medical","Male","Divorced","Travel_Frequently","Research & Development","1","Research Scientist","2",8,"3",3,"2","3",1,1,0,0,"Yes","3K-5K","Masters","Medium","Better"
100693,"No",200,34,6725,12,1,32,3,4,"Medical","Female","Married","Travel_Rarely","Research & Development","2","Manufacturing Director","1",1,"3",8,"2","4",8,7,6,3,"No","5K-8K","Masters","Low","Best"
100694,"Yes",200,52,10325,11,1,36,3,1,"Life Sciences","Male","Married","Travel_Rarely","Sales","3","Sales Executive","4",1,"3",16,"6","3",16,7,3,7,"Yes","8K-12K","Below College","Very High","Better"
100695,"No",200,35,6949,14,0,33,1,3,"Life Sciences","Female","Single","Travel_Rarely","Research & Development","2","Healthcare Representative","4",0,"3",6,"3","3",5,0,1,4,"No","5K-8K","Bachelor","Very High","Better"
100696,"Yes",200,53,10609,11,0,37,1,4,"Life Sciences","Male","Married","Travel_Rarely","Sales","3","Sales Executive","3",5,"3",17,"2","1",14,1,11,7,"No","8K-12K","Masters","High","Bad"
100697,"No",200,22,4447,12,0,45,4,2,"Life Sciences","Male","Married","Non-Travel","Research & Development","2","Laboratory Technician","2",1,"3",9,"5","2",9,7,0,8,"No","3K-5K","College","Medium","Good"
100698,"No",200,11,2157,15,1,29,20,3,"Technical Degree","Female","Married","Travel_Frequently","Sales","1","Sales Representative","4",1,"3",3,"5","3",3,1,0,2,"No","0-3K","Bachelor","Very High","Better"
100699,"No",200,23,4601,16,0,35,18,3,"Medical","Female","Married","Travel_Rarely","Sales","2","Sales Executive","3",1,"3",5,"3","3",5,2,1,0,"No","3K-5K","Bachelor","High","Better"
100700,"No",200,85,17099,15,1,52,1,2,"Life Sciences","Male","Married","Travel_Rarely","Research & Development","4","Manager","4",2,"3",26,"2","2",9,8,7,8,"No","12K+","College","Very High","Good"
100701,"Yes",200,12,2479,24,0,58,2,3,"Technical Degree","Male","Single","Travel_Rarely","Research & Development","1","Research Scientist","3",4,"4",7,"4","3",1,0,0,0,"No","0-3K","Bachelor","High","Better"
100702,"No",200,74,14852,13,1,53,2,2,"Medical","Male","Divorced","Travel_Rarely","Sales","4","Manager","3",6,"3",22,"3","4",17,13,15,2,"No","12K+","College","High","Best"
100703,"No",200,36,7264,11,1,30,8,2,"Other","Male","Divorced","Travel_Rarely","Sales","3","Sales Executive","3",5,"3",10,"2","4",8,4,7,7,"No","5K-8K","College","High","Best"
100704,"No",200,28,5666,13,0,38,10,3,"Technical Degree","Female","Single","Non-Travel","Sales","2","Sales Executive","4",1,"3",6,"1","3",5,3,1,3,"Yes","5K-8K","Bachelor","Very High","Better"
100705,"No",200,39,7823,13,1,35,3,4,"Life Sciences","Male","Divorced","Travel_Rarely","Sales","3","Sales Executive","4",6,"3",12,"2","3",10,9,0,8,"No","5K-8K","Masters","Very High","Better"
100706,"No",200,39,7880,18,0,39,2,5,"Life Sciences","Male","Single","Travel_Rarely","Sales","3","Sales Executive","3",0,"3",9,"3","3",8,7,0,7,"No","5K-8K","Doctor","High","Better"
100707,"Yes",200,66,13194,16,0,40,24,3,"Life Sciences","Female","Single","Non-Travel","Sales","4","Sales Executive","2",4,"3",22,"2","2",1,0,0,0,"Yes","12K+","Bachelor","Medium","Good"
100708,"No",200,25,5067,19,0,47,16,4,"Medical","Male","Divorced","Travel_Frequently","Research & Development","2","Manufacturing Director","3",1,"3",20,"3","4",19,10,2,7,"Yes","5K-8K","Masters","High","Best"
100709,"No",200,25,5079,13,2,36,8,4,"Technical Degree","Male","Divorced","Non-Travel","Sales","2","Sales Executive","4",4,"3",12,"3","3",7,7,0,7,"No","5K-8K","Masters","Very High","Better"
100710,"Yes",200,12,2321,22,0,31,9,2,"Medical","Male","Single","Non-Travel","Research & Development","1","Research Scientist","1",0,"4",4,"0","3",3,2,1,2,"Yes","0-3K","College","Low","Better"
100711,"No",200,87,17444,11,0,33,17,3,"Life Sciences","Male","Single","Non-Travel","Sales","4","Manager","3",1,"3",10,"2","3",10,8,6,0,"No","12K+","Bachelor","High","Better"
100712,"Yes",200,12,2404,20,0,29,10,3,"Life Sciences","Female","Single","Travel_Rarely","Research & Development","1","Research Scientist","1",6,"4",3,"5","3",0,0,0,0,"Yes","0-3K","Bachelor","Low","Better"
100713,"No",200,17,3452,18,0,33,13,1,"Life Sciences","Female","Single","Travel_Rarely","Research & Development","1","Research Scientist","4",3,"3",5,"4","3",3,2,0,2,"No","3K-5K","Below College","Very High","Better"
100714,"No",200,11,2270,14,2,45,1,4,"Medical","Female","Divorced","Travel_Rarely","Research & Development","1","Laboratory Technician","4",3,"3",8,"2","3",5,3,0,2,"No","0-3K","Masters","Very High","Better"
100715,"No",200,87,17399,22,1,50,1,2,"Medical","Male","Divorced","Travel_Rarely","Research & Development","4","Research Director","4",9,"4",32,"1","2",5,4,1,3,"No","12K+","College","Very High","Good"
100716,"No",200,27,5488,13,1,33,1,4,"Other","Female","Married","Travel_Frequently","Research & Development","2","Healthcare Representative","2",1,"3",6,"2","3",6,5,1,2,"Yes","5K-8K","Masters","Medium","Better"
100717,"No",200,97,19419,17,1,41,9,3,"Medical","Male","Divorced","Travel_Frequently","Research & Development","5","Research Director","3",2,"3",21,"2","4",18,16,0,11,"No","12K+","Bachelor","High","Best"
100718,"No",200,14,2811,14,1,27,16,4,"Technical Degree","Female","Married","Travel_Rarely","Research & Development","1","Laboratory Technician","2",9,"3",4,"2","3",2,2,2,2,"No","0-3K","Masters","Medium","Better"
100719,"No",200,18,3633,15,1,45,23,2,"Life Sciences","Male","Married","Non-Travel","Research & Development","2","Laboratory Technician","1",1,"3",9,"2","3",9,8,0,8,"Yes","3K-5K","College","Low","Better"
100720,"No",200,21,4163,17,0,47,4,2,"Life Sciences","Female","Single","Travel_Rarely","Sales","2","Sales Executive","4",1,"3",9,"0","3",9,0,0,7,"Yes","3K-5K","College","Very High","Better"
100721,"Yes",200,11,2132,11,0,30,22,3,"Life Sciences","Female","Married","Travel_Rarely","Research & Development","1","Research Scientist","3",4,"3",7,"2","3",5,2,0,1,"Yes","0-3K","Bachelor","High","Better"
100722,"No",200,70,13973,18,1,50,24,3,"Life Sciences","Male","Married","Travel_Rarely","Research & Development","4","Manufacturing Director","3",3,"3",22,"2","3",12,11,1,5,"Yes","12K+","Bachelor","High","Better"
100723,"No",200,13,2684,17,1,38,10,1,"Medical","Male","Married","Travel_Frequently","Research & Development","1","Research Scientist","3",0,"3",3,"0","2",2,1,0,2,"No","0-3K","Below College","High","Good"
100724,"No",200,54,10845,13,1,46,7,2,"Medical","Male","Divorced","Travel_Rarely","Research & Development","3","Manufacturing Director","3",6,"3",13,"3","3",8,7,0,7,"No","8K-12K","College","High","Better"
100725,"No",200,22,4377,15,2,24,17,1,"Medical","Female","Divorced","Travel_Rarely","Research & Development","2","Manufacturing Director","3",1,"3",5,"6","3",4,2,3,2,"No","3K-5K","Below College","High","Better"
100726,"Yes",200,19,3743,24,1,35,14,4,"Other","Male","Divorced","Travel_Rarely","Research & Development","1","Laboratory Technician","2",1,"4",5,"2","1",4,2,0,2,"Yes","3K-5K","Masters","Medium","Bad"
100727,"No",200,21,4148,12,1,31,1,1,"Life Sciences","Female","Married","Travel_Frequently","Research & Development","2","Manufacturing Director","1",1,"3",4,"1","3",4,3,0,3,"No","3K-5K","Below College","Low","Better"
100728,"No",200,5,1051,15,0,18,5,2,"Life Sciences","Male","Single","Non-Travel","Research & Development","1","Research Scientist","4",1,"3",0,"2","3",0,0,0,0,"No","0-3K","College","Very High","Better"
100729,"No",200,54,10739,11,1,54,17,3,"Technical Degree","Female","Married","Travel_Rarely","Research & Development","3","Manufacturing Director","3",8,"3",22,"2","3",10,7,0,8,"No","8K-12K","Bachelor","High","Better"
100730,"No",200,52,10388,11,1,35,25,4,"Medical","Female","Divorced","Travel_Rarely","Research & Development","3","Healthcare Representative","3",1,"3",16,"3","2",16,10,10,1,"Yes","8K-12K","Masters","High","Good"
100731,"No",200,57,11416,12,3,30,8,2,"Life Sciences","Female","Married","Travel_Rarely","Research & Development","3","Research Director","1",0,"3",9,"4","2",8,7,1,7,"Yes","8K-12K","College","Low","Good"
100732,"Yes",200,13,2600,15,0,20,11,3,"Medical","Female","Single","Travel_Rarely","Research & Development","1","Research Scientist","1",1,"2",1,"2","3",1,0,0,0,"Yes","0-3K","Bachelor","Low","Better"
100733,"Yes",200,12,2422,17,0,30,5,3,"Medical","Female","Single","Travel_Frequently","Research & Development","1","Laboratory Technician","2",0,"3",4,"3","3",3,2,1,2,"No","0-3K","Bachelor","Medium","Better"
100734,"No",200,27,5472,12,0,26,2,2,"Medical","Male","Married","Travel_Rarely","Research & Development","2","Manufacturing Director","4",1,"3",8,"2","3",8,7,1,3,"No","5K-8K","College","Very High","Better"
100735,"No",200,12,2451,15,1,22,8,1,"Life Sciences","Male","Married","Travel_Rarely","Research & Development","1","Laboratory Technician","1",1,"3",4,"3","2",4,3,1,1,"No","0-3K","Below College","Low","Good"
100736,"No",200,21,4240,13,0,48,6,3,"Life Sciences","Male","Single","Travel_Rarely","Research & Development","2","Healthcare Representative","3",2,"3",19,"0","3",2,2,2,2,"No","3K-5K","Bachelor","High","Better"
100737,"No",200,55,10999,14,0,48,4,4,"Life Sciences","Male","Single","Travel_Rarely","Research & Development","3","Healthcare Representative","3",7,"3",27,"3","3",15,11,4,8,"No","8K-12K","Masters","High","Better"
100738,"No",200,25,5003,14,0,41,7,2,"Medical","Female","Single","Travel_Rarely","Research & Development","2","Manufacturing Director","3",6,"3",8,"6","3",2,2,2,1,"No","5K-8K","College","High","Better"
100739,"No",200,64,12742,16,1,39,1,1,"Life Sciences","Female","Married","Travel_Rarely","Research & Development","4","Manufacturing Director","4",1,"3",21,"3","3",21,6,11,8,"No","12K+","Below College","Very High","Better"
100740,"No",200,21,4227,18,1,27,2,4,"Life Sciences","Female","Married","Travel_Rarely","Research & Development","2","Manufacturing Director","4",0,"3",4,"2","3",3,2,2,2,"No","3K-5K","Masters","Very High","Better"
100741,"No",200,20,3917,20,1,35,10,3,"Other","Male","Divorced","Travel_Rarely","Research & Development","1","Laboratory Technician","4",1,"4",3,"4","2",3,2,1,2,"No","3K-5K","Bachelor","Very High","Good"
100742,"No",200,92,18303,13,0,42,5,2,"Marketing","Male","Married","Travel_Rarely","Sales","5","Manager","3",6,"3",21,"3","4",1,0,0,0,"No","12K+","College","High","Best"
100743,"No",200,12,2380,18,0,50,9,3,"Life Sciences","Male","Married","Travel_Rarely","Research & Development","1","Laboratory Technician","4",4,"3",8,"5","3",1,0,0,0,"No","0-3K","Bachelor","Very High","Better"
100744,"No",200,69,13726,13,0,59,2,3,"Life Sciences","Female","Single","Travel_Rarely","Research & Development","4","Manufacturing Director","4",3,"3",30,"4","3",5,3,4,3,"Yes","12K+","Bachelor","Very High","Better"
100745,"Yes",200,24,4777,15,0,37,11,2,"Medical","Female","Married","Travel_Rarely","Research & Development","2","Healthcare Representative","2",5,"2",15,"2","1",1,0,0,0,"No","3K-5K","College","Medium","Bad"
100746,"No",200,32,6385,14,2,55,18,4,"Medical","Male","Married","Travel_Frequently","Research & Development","2","Healthcare Representative","2",3,"3",17,"3","3",8,7,6,7,"Yes","5K-8K","Masters","Medium","Better"
100747,"No",200,100,19973,22,2,41,7,1,"Life Sciences","Female","Divorced","Non-Travel","Research & Development","5","Research Director","3",1,"4",21,"3","3",21,16,5,10,"No","12K+","Below College","High","Better"
100748,"No",200,34,6861,12,0,38,3,4,"Life Sciences","Male","Single","Travel_Rarely","Sales","2","Sales Executive","4",8,"3",19,"1","3",1,0,0,0,"Yes","5K-8K","Masters","Very High","Better"
100749,"Yes",200,25,4969,18,0,26,29,2,"Medical","Male","Single","Non-Travel","Sales","2","Sales Executive","1",8,"3",7,"6","3",2,2,2,2,"No","3K-5K","College","Low","Better"
100750,"Yes",200,99,19845,15,1,52,2,1,"Marketing","Female","Married","Travel_Rarely","Sales","5","Manager","4",1,"3",33,"3","3",32,14,6,9,"No","12K+","Below College","Very High","Better"
100751,"No",200,67,13320,18,1,44,28,3,"Medical","Female","Married","Travel_Rarely","Sales","4","Sales Executive","4",3,"3",23,"2","3",12,11,11,11,"Yes","12K+","Bachelor","Very High","Better"
100752,"No",200,32,6347,12,1,50,1,3,"Life Sciences","Female","Married","Non-Travel","Sales","2","Sales Executive","3",0,"3",19,"3","3",18,7,0,13,"No","5K-8K","Bachelor","High","Better"
100753,"Yes",200,14,2743,16,0,36,16,4,"Life Sciences","Female","Single","Travel_Rarely","Research & Development","1","Laboratory Technician","1",1,"1",18,"1","3",17,13,15,14,"No","0-3K","Masters","Low","Better"
100754,"No",200,54,10880,13,0,39,22,3,"Medical","Female","Single","Travel_Frequently","Research & Development","3","Manufacturing Director","1",1,"3",21,"2","3",21,6,2,8,"Yes","8K-12K","Bachelor","Low","Better"
100755,"No",200,12,2342,19,0,33,8,1,"Life Sciences","Female","Single","Non-Travel","Sales","1","Sales Representative","4",0,"3",3,"2","2",2,2,2,2,"No","0-3K","Below College","Very High","Good"
100756,"No",200,88,17650,13,1,45,11,2,"Life Sciences","Female","Married","Travel_Rarely","Sales","4","Manager","4",3,"3",26,"4","4",9,3,1,1,"No","12K+","College","Very High","Best"
100757,"No",200,20,4025,12,0,32,29,4,"Medical","Female","Single","Non-Travel","Research & Development","1","Laboratory Technician","3",9,"3",10,"2","3",8,7,7,7,"No","3K-5K","Masters","High","Better"
100758,"No",200,49,9725,11,1,34,1,4,"Marketing","Male","Divorced","Travel_Rarely","Sales","2","Sales Executive","4",0,"3",16,"2","2",15,1,0,9,"No","8K-12K","Masters","Very High","Good"
100759,"No",200,60,11904,14,1,59,1,2,"Technical Degree","Male","Married","Travel_Rarely","Sales","3","Manager","4",3,"3",14,"1","1",6,4,0,4,"Yes","8K-12K","College","Very High","Bad"
100760,"No",200,11,2177,16,0,45,24,4,"Medical","Male","Single","Travel_Rarely","Human Resources","1","Human Resources","2",1,"3",6,"3","3",6,3,0,4,"No","0-3K","Masters","Medium","Better"
100761,"No",200,38,7525,12,1,53,2,3,"Marketing","Female","Married","Travel_Frequently","Sales","3","Sales Executive","2",2,"3",30,"2","3",15,7,6,12,"No","5K-8K","Bachelor","Medium","Better"
100762,"Yes",200,24,4834,14,1,36,15,3,"Other","Male","Divorced","Travel_Rarely","Research & Development","2","Laboratory Technician","3",7,"3",9,"3","2",1,0,0,0,"No","3K-5K","Bachelor","High","Good"
100763,"Yes",200,10,2042,14,1,26,2,3,"Life Sciences","Male","Married","Travel_Frequently","Research & Development","1","Research Scientist","1",6,"3",6,"2","3",3,2,1,2,"Yes","0-3K","Bachelor","Low","Better"
100764,"No",200,11,2220,19,1,34,10,4,"Life Sciences","Female","Married","Travel_Rarely","Sales","1","Sales Representative","3",1,"3",1,"2","3",1,1,0,0,"Yes","0-3K","Masters","High","Better"
100765,"No",200,5,1052,22,0,28,10,1,"Medical","Male","Married","Travel_Rarely","Sales","1","Sales Representative","2",1,"4",1,"5","3",1,0,0,0,"No","0-3K","Below College","Medium","Better"
100766,"No",200,14,2821,16,1,38,3,4,"Other","Male","Married","Travel_Frequently","Research & Development","1","Research Scientist","3",3,"3",8,"2","3",2,2,2,2,"No","0-3K","Masters","High","Better"
100767,"No",200,96,19237,11,1,50,2,4,"Medical","Male","Married","Travel_Rarely","Research & Development","5","Research Director","3",2,"3",29,"2","2",8,1,7,7,"Yes","12K+","Masters","High","Good"
100768,"No",200,21,4107,15,0,37,3,3,"Other","Female","Single","Travel_Rarely","Research & Development","2","Healthcare Representative","2",3,"2",8,"3","2",4,3,0,1,"No","3K-5K","Bachelor","Medium","Good"
100769,"No",200,42,8396,14,1,40,26,3,"Marketing","Male","Married","Travel_Rarely","Sales","2","Sales Executive","1",1,"2",8,"3","2",7,7,7,5,"No","8K-12K","Bachelor","Low","Good"
100770,"No",200,10,2007,13,2,26,1,1,"Medical","Female","Divorced","Travel_Frequently","Research & Development","1","Research Scientist","3",1,"3",5,"5","3",5,3,1,3,"No","0-3K","Below College","High","Better"
100771,"No",200,98,19627,17,2,46,1,4,"Medical","Male","Divorced","Travel_Rarely","Research & Development","5","Research Director","4",9,"3",23,"0","3",2,2,2,2,"No","12K+","Masters","Very High","Better"
100772,"No",200,53,10686,11,1,54,2,4,"Life Sciences","Female","Married","Travel_Rarely","Sales","3","Sales Executive","3",6,"3",13,"4","3",9,4,7,0,"No","8K-12K","Masters","High","Better"
100773,"No",200,15,2942,19,1,56,9,3,"Medical","Female","Married","Travel_Frequently","Research & Development","1","Research Scientist","3",2,"3",18,"4","3",5,4,0,3,"No","0-3K","Bachelor","High","Better"
100774,"No",200,44,8858,11,0,36,12,5,"Medical","Female","Single","Travel_Rarely","Research & Development","3","Manufacturing Director","4",0,"3",15,"2","2",14,8,7,8,"No","8K-12K","Doctor","Very High","Good"
100775,"No",200,84,16756,15,0,55,2,1,"Medical","Male","Single","Non-Travel","Research & Development","4","Manager","1",7,"3",31,"3","4",9,7,6,2,"No","12K+","Below College","Low","Best"
100776,"No",200,54,10798,13,1,43,25,3,"Medical","Male","Divorced","Travel_Rarely","Sales","3","Sales Executive","4",5,"3",18,"5","3",1,0,0,0,"No","8K-12K","Bachelor","Very High","Better"
100777,"Yes",200,12,2323,14,0,20,9,3,"Marketing","Female","Single","Travel_Frequently","Sales","1","Sales Representative","4",1,"3",2,"3","3",2,2,0,2,"Yes","0-3K","Bachelor","Very High","Better"
100778,"Yes",200,7,1416,13,0,21,10,3,"Life Sciences","Female","Single","Travel_Rarely","Research & Development","1","Laboratory Technician","1",1,"3",1,"6","2",1,0,1,0,"No","0-3K","Bachelor","Low","Good"
100779,"No",200,23,4615,23,3,46,8,4,"Life Sciences","Female","Divorced","Travel_Rarely","Research & Development","2","Research Scientist","1",8,"4",19,"2","3",16,13,1,7,"Yes","3K-5K","Masters","Low","Better"
100780,"Yes",200,12,2461,12,3,51,4,4,"Life Sciences","Male","Married","Travel_Rarely","Research & Development","1","Research Scientist","3",9,"3",18,"2","4",10,0,2,7,"Yes","0-3K","Masters","High","Best"
100781,"Yes",200,44,8722,12,0,28,24,2,"Technical Degree","Male","Single","Non-Travel","Research & Development","3","Healthcare Representative","1",1,"2",10,"2","2",10,7,1,9,"No","8K-12K","College","Low","Good"
100782,"No",200,20,3955,16,2,26,1,2,"Medical","Male","Married","Travel_Rarely","Research & Development","1","Laboratory Technician","1",1,"3",6,"2","3",5,3,1,3,"No","3K-5K","College","Low","Better"
100783,"No",200,50,9957,15,1,30,20,3,"Other","Male","Married","Travel_Rarely","Research & Development","2","Manufacturing Director","1",0,"3",7,"1","2",6,2,0,2,"No","8K-12K","Bachelor","Low","Good"
100784,"No",200,17,3376,13,0,41,7,2,"Technical Degree","Female","Married","Travel_Rarely","Research & Development","1","Research Scientist","3",1,"3",10,"3","3",10,6,0,8,"No","3K-5K","College","High","Better"
100785,"No",200,44,8823,18,1,38,17,1,"Life Sciences","Female","Married","Travel_Rarely","Research & Development","3","Healthcare Representative","3",0,"3",20,"4","2",19,9,1,9,"No","8K-12K","Below College","High","Good"
100786,"No",200,52,10322,20,1,40,20,4,"Technical Degree","Male","Married","Travel_Rarely","Research & Development","3","Healthcare Representative","4",4,"4",14,"6","3",11,10,11,1,"No","8K-12K","Masters","Very High","Better"
100787,"No",200,23,4621,19,3,27,8,5,"Life Sciences","Male","Married","Non-Travel","Research & Development","1","Laboratory Technician","3",1,"3",3,"4","3",3,2,1,2,"No","3K-5K","Doctor","High","Better"
100788,"No",200,55,10976,18,1,55,2,1,"Life Sciences","Male","Married","Travel_Frequently","Research & Development","3","Manufacturing Director","2",3,"3",23,"4","3",3,2,1,2,"No","8K-12K","Below College","Medium","Better"
100789,"No",200,18,3660,13,0,28,10,3,"Other","Female","Single","Travel_Rarely","Research & Development","2","Research Scientist","3",3,"3",10,"4","4",8,7,1,7,"No","3K-5K","Bachelor","High","Best"
100790,"Yes",200,52,10482,14,1,44,1,2,"Medical","Male","Married","Travel_Rarely","Human Resources","3","Human Resources","1",9,"2",24,"1","3",20,6,3,6,"No","8K-12K","College","Low","Better"
100791,"No",200,36,7119,15,1,33,5,3,"Life Sciences","Male","Divorced","Travel_Rarely","Research & Development","3","Healthcare Representative","4",4,"3",9,"2","3",3,2,1,2,"No","5K-8K","Bachelor","Very High","Better"
100792,"Yes",200,48,9582,22,0,35,4,3,"Technical Degree","Male","Single","Travel_Rarely","Sales","3","Sales Executive","1",0,"2",9,"2","3",8,7,4,7,"Yes","8K-12K","Bachelor","Low","Better"
100793,"Yes",200,23,4508,22,0,33,29,4,"Medical","Female","Single","Travel_Frequently","Research & Development","2","Research Scientist","3",1,"4",14,"4","3",13,7,3,8,"No","3K-5K","Masters","High","Better"
100794,"No",200,11,2207,16,1,28,15,2,"Life Sciences","Male","Divorced","Travel_Rarely","Research & Development","1","Laboratory Technician","3",1,"3",4,"5","2",4,2,2,2,"No","0-3K","College","High","Good"
100795,"No",200,39,7756,17,0,34,3,1,"Life Sciences","Male","Single","Travel_Frequently","Research & Development","2","Healthcare Representative","4",0,"3",7,"1","2",6,2,0,4,"No","5K-8K","Below College","Very High","Good"
100796,"No",200,33,6694,14,3,37,10,4,"Life Sciences","Female","Divorced","Travel_Rarely","Sales","2","Sales Executive","4",2,"3",8,"5","3",1,0,0,0,"Yes","5K-8K","Masters","Very High","Better"
100797,"Yes",200,18,3691,15,1,25,4,1,"Technical Degree","Male","Married","Travel_Rarely","Research & Development","1","Laboratory Technician","4",1,"3",7,"3","4",7,7,5,6,"Yes","3K-5K","Below College","Very High","Best"
100798,"Yes",200,12,2377,20,1,26,21,3,"Medical","Male","Divorced","Travel_Rarely","Research & Development","1","Laboratory Technician","3",1,"4",1,"0","2",1,1,0,0,"No","0-3K","Bachelor","High","Good"
100799,"Yes",200,12,2313,20,0,33,25,3,"Medical","Male","Single","Travel_Rarely","Research & Development","1","Research Scientist","2",4,"4",5,"0","3",2,2,2,2,"Yes","0-3K","Bachelor","Medium","Better"
100800,"No",200,88,17665,17,1,42,2,2,"Medical","Male","Married","Travel_Rarely","Research & Development","4","Manager","1",0,"3",23,"3","3",22,6,13,7,"No","12K+","College","Low","Better"
100801,"Yes",200,13,2596,15,2,28,1,3,"Medical","Male","Divorced","Travel_Frequently","Research & Development","1","Laboratory Technician","2",1,"3",1,"2","3",1,0,0,0,"No","0-3K","Bachelor","Medium","Better"
100802,"Yes",200,24,4728,14,0,50,1,4,"Other","Male","Single","Travel_Frequently","Sales","2","Sales Executive","3",3,"3",5,"4","3",0,0,0,0,"Yes","3K-5K","Masters","High","Better"
100803,"No",200,22,4302,17,1,33,7,3,"Life Sciences","Female","Married","Travel_Frequently","Sales","2","Sales Executive","2",0,"3",4,"3","3",3,2,0,2,"No","3K-5K","Bachelor","Medium","Better"
100804,"No",200,15,2979,17,3,34,3,4,"Life Sciences","Male","Married","Non-Travel","Research & Development","1","Research Scientist","4",3,"3",6,"2","3",0,0,0,0,"No","0-3K","Masters","Very High","Better"
100805,"No",200,84,16885,22,0,48,1,4,"Medical","Male","Single","Non-Travel","Research & Development","4","Manager","4",2,"4",27,"3","2",5,4,2,1,"No","12K+","Masters","Very High","Good"
100806,"No",200,28,5593,13,1,45,9,4,"Life Sciences","Female","Married","Non-Travel","Sales","2","Sales Executive","3",1,"3",15,"2","3",15,10,4,12,"No","5K-8K","Masters","High","Better"
100807,"No",200,52,10445,19,0,52,7,4,"Life Sciences","Male","Single","Travel_Rarely","Research & Development","3","Healthcare Representative","2",7,"3",18,"4","3",8,6,4,0,"No","8K-12K","Masters","Medium","Better"
100808,"No",200,44,8740,14,2,38,10,4,"Marketing","Male","Divorced","Travel_Rarely","Sales","3","Sales Executive","3",0,"3",9,"2","3",8,7,2,7,"Yes","8K-12K","Masters","High","Better"
100809,"No",200,13,2514,22,1,29,28,4,"Life Sciences","Female","Divorced","Travel_Rarely","Research & Development","1","Research Scientist","4",4,"4",11,"1","3",7,5,1,7,"No","0-3K","Masters","Very High","Better"
100810,"No",200,38,7655,17,3,28,3,3,"Medical","Female","Divorced","Travel_Rarely","Research & Development","3","Manufacturing Director","2",0,"3",10,"3","2",9,7,1,7,"No","5K-8K","Bachelor","Medium","Good"
100811,"No",200,87,17465,12,1,46,3,1,"Marketing","Male","Married","Travel_Rarely","Sales","4","Manager","3",3,"3",23,"3","3",12,9,4,9,"No","12K+","Below College","High","Better"
100812,"No",200,37,7351,16,0,38,2,2,"Marketing","Male","Single","Travel_Rarely","Sales","3","Sales Executive","2",7,"3",10,"2","3",1,0,0,0,"No","5K-8K","College","Medium","Better"
100813,"No",200,54,10820,11,1,43,27,3,"Life Sciences","Female","Married","Travel_Frequently","Research & Development","3","Manufacturing Director","1",8,"3",18,"1","3",8,7,0,1,"No","8K-12K","Bachelor","Low","Better"
100814,"Yes",200,61,12169,11,3,39,2,3,"Life Sciences","Male","Divorced","Travel_Frequently","Research & Development","4","Healthcare Representative","4",7,"3",21,"4","3",18,7,11,5,"No","12K+","Bachelor","Very High","Better"
100815,"No",200,98,19626,14,0,40,14,3,"Medical","Male","Single","Travel_Rarely","Research & Development","5","Research Director","3",1,"3",21,"2","4",20,7,4,9,"No","12K+","Bachelor","High","Best"
100816,"No",200,10,2070,11,0,21,1,1,"Technical Degree","Female","Single","Travel_Rarely","Research & Development","1","Research Scientist","2",1,"3",2,"6","4",2,2,2,2,"Yes","0-3K","Below College","Medium","Best"
100817,"No",200,34,6782,15,0,39,9,3,"Life Sciences","Male","Single","Non-Travel","Research & Development","2","Laboratory Technician","2",9,"2",9,"2","2",5,4,0,3,"No","5K-8K","Bachelor","Medium","Good"
100818,"No",200,39,7779,20,0,36,18,4,"Life Sciences","Male","Single","Non-Travel","Research & Development","2","Manufacturing Director","4",2,"4",18,"0","3",11,9,0,9,"No","5K-8K","Masters","Very High","Better"
100819,"No",200,14,2791,12,1,31,20,3,"Life Sciences","Male","Married","Travel_Frequently","Sales","1","Sales Representative","4",0,"3",3,"4","3",2,2,2,2,"No","0-3K","Bachelor","Very High","Better"
100820,"No",200,16,3201,17,0,28,2,1,"Life Sciences","Male","Married","Travel_Rarely","Research & Development","1","Research Scientist","2",0,"3",6,"2","1",5,3,0,4,"No","3K-5K","Below College","Medium","Bad"
100821,"No",200,25,4968,11,1,35,11,2,"Marketing","Male","Divorced","Travel_Frequently","Sales","2","Sales Executive","4",1,"3",5,"3","3",5,2,0,2,"No","3K-5K","College","Very High","Better"
100822,"No",200,66,13120,17,1,49,8,4,"Technical Degree","Male","Married","Travel_Rarely","Sales","4","Sales Executive","2",6,"3",22,"3","3",9,8,2,3,"No","12K+","Masters","Medium","Better"
100823,"No",200,20,4033,11,0,34,2,2,"Life Sciences","Male","Single","Travel_Frequently","Research & Development","2","Manufacturing Director","3",2,"3",5,"3","2",3,2,0,2,"No","3K-5K","College","High","Good"
100824,"No",200,16,3291,14,2,29,10,3,"Life Sciences","Female","Divorced","Travel_Frequently","Research & Development","1","Research Scientist","2",0,"3",8,"2","2",7,5,1,1,"No","3K-5K","Bachelor","Medium","Good"
100825,"No",200,21,4272,19,0,42,29,3,"Medical","Male","Single","Travel_Rarely","Research & Development","2","Laboratory Technician","4",4,"3",16,"3","3",1,0,0,0,"No","3K-5K","Bachelor","Very High","Better"
100826,"No",200,25,5056,15,1,29,8,1,"Medical","Male","Married","Travel_Rarely","Research & Development","2","Manufacturing Director","4",1,"3",10,"2","2",10,7,1,2,"Yes","5K-8K","Below College","Very High","Good"
100827,"No",200,14,2844,13,1,38,1,3,"Human Resources","Male","Married","Travel_Rarely","Human Resources","1","Human Resources","3",1,"3",7,"2","4",7,6,5,0,"No","0-3K","Bachelor","High","Best"
100828,"No",200,14,2703,14,1,28,6,3,"Life Sciences","Male","Divorced","Travel_Frequently","Research & Development","1","Research Scientist","3",1,"3",3,"2","3",3,1,0,2,"Yes","0-3K","Bachelor","High","Better"
100829,"Yes",200,10,1904,12,0,18,8,1,"Medical","Male","Single","Non-Travel","Research & Development","1","Laboratory Technician","3",1,"3",0,"0","3",0,0,0,0,"No","0-3K","Below College","High","Better"
100830,"Yes",200,41,8224,17,0,33,9,4,"Marketing","Female","Single","Travel_Rarely","Sales","2","Sales Executive","1",0,"3",6,"3","3",5,2,0,3,"Yes","8K-12K","Masters","Low","Better"
100831,"No",200,24,4766,11,1,41,12,4,"Life Sciences","Male","Married","Travel_Rarely","Research & Development","1","Laboratory Technician","4",3,"3",6,"4","3",1,0,0,0,"Yes","3K-5K","Masters","Very High","Better"
100832,"Yes",200,13,2610,12,1,31,15,3,"Medical","Male","Married","Travel_Frequently","Research & Development","1","Laboratory Technician","3",1,"3",2,"5","2",2,2,2,2,"No","0-3K","Bachelor","High","Good"
100833,"No",200,29,5731,13,2,37,25,2,"Medical","Female","Divorced","Travel_Rarely","Research & Development","2","Healthcare Representative","4",7,"3",9,"2","3",6,2,1,3,"No","5K-8K","College","Very High","Better"
100834,"No",200,13,2539,13,1,27,6,3,"Life Sciences","Male","Married","Travel_Rarely","Research & Development","1","Research Scientist","3",1,"3",4,"0","3",4,2,2,2,"No","0-3K","Bachelor","High","Better"
100835,"No",200,29,5714,20,0,34,9,1,"Life Sciences","Female","Married","Travel_Rarely","Sales","2","Sales Executive","3",1,"4",6,"3","2",6,5,1,3,"No","5K-8K","Below College","High","Good"
100836,"No",200,22,4323,17,0,35,8,4,"Technical Degree","Male","Single","Travel_Rarely","Human Resources","1","Human Resources","3",1,"3",6,"2","1",5,4,1,4,"No","3K-5K","Masters","High","Bad"
100837,"Yes",200,37,7336,13,1,29,23,1,"Life Sciences","Female","Married","Travel_Rarely","Sales","3","Sales Executive","1",1,"2",11,"3","1",11,8,3,10,"No","5K-8K","Below College","Low","Bad"
100838,"No",200,67,13499,17,0,40,9,4,"Medical","Female","Single","Travel_Frequently","Research & Development","3","Research Director","3",9,"3",20,"3","2",18,7,2,13,"No","12K+","Masters","High","Good"
100839,"Yes",200,69,13758,12,0,42,12,3,"Life Sciences","Male","Single","Travel_Frequently","Sales","4","Sales Executive","1",0,"1",22,"2","2",21,9,13,14,"Yes","12K+","Bachelor","Low","Good"
100840,"No",200,26,5155,13,0,42,4,4,"Marketing","Male","Single","Travel_Rarely","Sales","2","Sales Executive","1",7,"1",9,"3","4",6,4,1,5,"No","5K-8K","Masters","Low","Best"
100841,"No",200,11,2258,12,1,35,1,4,"Medical","Male","Married","Travel_Rarely","Research & Development","1","Laboratory Technician","3",6,"3",10,"2","3",8,0,1,7,"No","0-3K","Masters","High","Better"
100842,"No",200,18,3597,22,0,24,24,3,"Medical","Male","Single","Travel_Rarely","Research & Development","1","Laboratory Technician","2",8,"4",6,"2","3",4,3,1,2,"No","3K-5K","Bachelor","Medium","Better"
100843,"Yes",200,13,2515,11,0,28,12,1,"Life Sciences","Female","Married","Travel_Rarely","Research & Development","1","Laboratory Technician","4",1,"3",1,"4","2",1,1,0,0,"Yes","0-3K","Below College","Very High","Good"
100844,"No",200,22,4420,22,1,26,3,4,"Medical","Male","Married","Travel_Rarely","Research & Development","1","Laboratory Technician","4",1,"4",8,"2","3",8,7,0,7,"No","3K-5K","Masters","Very High","Better"
100845,"No",200,33,6578,18,1,30,10,3,"Marketing","Male","Married","Travel_Rarely","Sales","2","Sales Executive","3",1,"3",10,"3","3",10,3,1,4,"No","5K-8K","Bachelor","High","Better"
100846,"No",200,22,4422,13,1,40,26,2,"Medical","Female","Married","Travel_Frequently","Research & Development","2","Research Scientist","4",3,"3",16,"3","1",1,1,0,0,"Yes","3K-5K","College","Very High","Bad"
100847,"No",200,51,10274,18,1,35,2,3,"Life Sciences","Male","Divorced","Travel_Rarely","Research & Development","3","Manufacturing Director","2",2,"3",15,"2","4",7,7,6,4,"No","8K-12K","Bachelor","Medium","Best"
100848,"No",200,27,5343,20,0,34,1,3,"Medical","Male","Single","Travel_Frequently","Research & Development","2","Healthcare Representative","1",0,"4",14,"3","3",13,9,4,9,"No","5K-8K","Bachelor","Low","Better"
100849,"No",200,12,2376,13,1,35,4,4,"Other","Male","Married","Travel_Frequently","Research & Development","1","Laboratory Technician","4",1,"3",2,"2","4",2,2,2,2,"No","0-3K","Masters","Very High","Best"
100850,"Yes",200,27,5346,13,0,43,9,3,"Marketing","Female","Single","Travel_Rarely","Sales","2","Sales Executive","3",8,"3",7,"2","2",4,3,1,3,"No","5K-8K","Bachelor","High","Good"
100851,"No",200,14,2827,12,3,32,2,1,"Life Sciences","Female","Divorced","Non-Travel","Sales","1","Sales Representative","1",1,"3",1,"3","3",1,0,0,0,"No","0-3K","Below College","Low","Better"
100852,"No",200,100,19943,13,1,56,4,4,"Technical Degree","Female","Divorced","Travel_Rarely","Research & Development","5","Manager","1",4,"3",28,"2","3",5,2,4,2,"No","12K+","Masters","Low","Better"
100853,"No",200,16,3131,13,1,29,6,1,"Medical","Female","Married","Travel_Rarely","Research & Development","1","Laboratory Technician","4",1,"3",10,"5","3",10,8,0,8,"No","3K-5K","Below College","Very High","Better"
100854,"No",200,13,2552,25,0,19,9,2,"Life Sciences","Male","Single","Travel_Rarely","Research & Development","1","Research Scientist","1",1,"4",1,"4","3",1,1,0,0,"No","0-3K","College","Low","Better"
100855,"No",200,22,4477,19,1,45,7,3,"Medical","Female","Married","Travel_Rarely","Research & Development","1","Research Scientist","3",4,"3",7,"2","2",3,2,0,2,"Yes","3K-5K","Bachelor","High","Good"
100856,"No",200,32,6474,13,1,37,1,3,"Life Sciences","Female","Married","Travel_Rarely","Research & Development","2","Manufacturing Director","4",1,"3",14,"2","2",14,8,3,11,"No","5K-8K","Bachelor","Very High","Good"
100857,"No",200,15,3033,12,0,20,3,3,"Life Sciences","Male","Single","Travel_Rarely","Research & Development","1","Laboratory Technician","3",1,"3",2,"2","2",2,2,1,2,"No","3K-5K","Bachelor","High","Good"
100858,"Yes",200,15,2936,11,0,44,10,4,"Life Sciences","Male","Single","Travel_Rarely","Research & Development","1","Research Scientist","3",1,"3",6,"4","3",6,4,0,2,"Yes","0-3K","Masters","High","Better"
100859,"No",200,93,18606,18,1,53,7,2,"Medical","Female","Divorced","Travel_Rarely","Research & Development","5","Manager","3",3,"3",26,"6","3",7,7,4,7,"No","12K+","College","High","Better"
100860,"No",200,11,2168,18,1,29,15,1,"Life Sciences","Female","Married","Travel_Rarely","Research & Development","1","Research Scientist","4",0,"3",6,"2","2",5,4,1,3,"Yes","0-3K","Below College","Very High","Good"
100861,"Yes",200,14,2853,11,1,22,3,4,"Life Sciences","Male","Married","Travel_Frequently","Research & Development","1","Research Scientist","4",0,"3",1,"5","3",0,0,0,0,"Yes","0-3K","Masters","Very High","Better"
100862,"No",200,85,17048,23,0,46,2,3,"Marketing","Female","Married","Travel_Rarely","Sales","4","Manager","1",8,"3",28,"2","3",26,15,15,9,"No","12K+","Bachelor","Low","Better"
100863,"No",200,11,2290,13,0,44,17,3,"Life Sciences","Male","Single","Non-Travel","Research & Development","1","Research Scientist","3",2,"3",6,"3","3",0,0,0,0,"No","0-3K","Bachelor","High","Better"
100864,"No",200,18,3600,13,1,33,2,3,"Human Resources","Male","Married","Travel_Rarely","Human Resources","1","Human Resources","3",1,"3",5,"2","3",5,4,1,4,"No","3K-5K","Bachelor","High","Better"
100865,"Yes",200,11,2107,17,1,41,5,2,"Life Sciences","Male","Divorced","Non-Travel","Research & Development","1","Research Scientist","1",6,"3",5,"2","1",1,0,0,0,"No","0-3K","College","Low","Bad"
100866,"No",200,21,4115,19,3,30,29,4,"Life Sciences","Male","Divorced","Travel_Rarely","Sales","2","Sales Executive","1",8,"3",8,"3","3",4,3,0,3,"No","3K-5K","Masters","Low","Better"
100867,"No",200,22,4327,12,3,40,2,4,"Medical","Male","Married","Travel_Frequently","Sales","2","Sales Executive","2",5,"3",5,"2","3",0,0,0,0,"No","3K-5K","Masters","Medium","Better"
100868,"No",200,89,17856,22,1,50,2,3,"Medical","Female","Married","Travel_Frequently","Research & Development","4","Manager","1",2,"4",32,"3","3",2,2,2,2,"No","12K+","Bachelor","Low","Better"
100869,"No",200,16,3196,12,3,28,19,4,"Medical","Male","Married","Travel_Rarely","Research & Development","1","Laboratory Technician","1",1,"3",6,"2","3",6,5,3,3,"No","3K-5K","Masters","Low","Better"
100870,"No",200,95,19081,11,1,46,15,2,"Life Sciences","Male","Married","Travel_Rarely","Research & Development","5","Research Director","2",5,"3",25,"2","3",4,2,0,3,"No","12K+","College","Medium","Better"
100871,"No",200,45,8966,15,3,35,17,4,"Life Sciences","Male","Married","Travel_Rarely","Sales","2","Sales Executive","1",3,"3",15,"2","3",7,7,1,7,"Yes","8K-12K","Masters","Low","Better"
100872,"Yes",200,11,2210,13,1,24,17,2,"Life Sciences","Female","Married","Travel_Rarely","Research & Development","1","Laboratory Technician","2",1,"3",1,"3","1",1,0,0,0,"No","0-3K","College","Medium","Bad"
100873,"No",200,23,4539,12,1,33,25,3,"Medical","Female","Married","Travel_Frequently","Sales","2","Sales Executive","3",1,"3",10,"3","2",10,7,0,1,"No","3K-5K","Bachelor","High","Good"
100874,"No",200,14,2741,14,1,36,6,4,"Life Sciences","Male","Divorced","Travel_Rarely","Research & Development","1","Laboratory Technician","3",1,"3",7,"4","3",7,7,1,7,"No","0-3K","Masters","High","Better"
100875,"No",200,17,3491,13,3,30,7,4,"Life Sciences","Male","Divorced","Travel_Rarely","Research & Development","2","Laboratory Technician","3",1,"3",10,"4","2",10,7,8,9,"No","3K-5K","Masters","High","Good"
100876,"No",200,23,4541,25,0,44,29,4,"Other","Male","Single","Travel_Rarely","Research & Development","2","Research Scientist","4",1,"4",20,"3","3",20,11,13,17,"No","3K-5K","Masters","Very High","Better"
100877,"No",200,13,2678,17,0,20,21,3,"Marketing","Male","Single","Travel_Rarely","Sales","1","Sales Representative","4",1,"3",2,"2","3",2,1,2,2,"No","0-3K","Bachelor","Very High","Better"
100878,"No",200,37,7379,11,1,46,2,4,"Technical Degree","Male","Divorced","Travel_Rarely","Research & Development","2","Manufacturing Director","4",2,"3",12,"3","2",6,3,1,4,"No","5K-8K","Masters","Very High","Good"
100879,"No",200,31,6272,16,1,42,2,5,"Medical","Male","Married","Non-Travel","Human Resources","2","Human Resources","1",7,"3",10,"3","4",4,3,0,3,"No","5K-8K","Doctor","Low","Best"
100880,"No",200,26,5220,18,1,60,7,4,"Marketing","Male","Divorced","Travel_Rarely","Sales","2","Sales Executive","4",0,"3",12,"3","3",11,7,1,9,"Yes","5K-8K","Masters","Very High","Better"
100881,"No",200,14,2743,20,1,32,13,3,"Other","Female","Married","Travel_Frequently","Research & Development","1","Laboratory Technician","2",1,"4",2,"2","3",2,2,2,2,"No","0-3K","Bachelor","Medium","Better"
100882,"No",200,25,4998,14,0,32,2,2,"Life Sciences","Female","Single","Travel_Frequently","Research & Development","2","Research Scientist","3",4,"3",10,"2","3",8,7,0,7,"Yes","3K-5K","College","High","Better"
100883,"No",200,51,10252,21,1,36,1,3,"Technical Degree","Female","Divorced","Travel_Rarely","Research & Development","3","Manufacturing Director","1",2,"4",17,"2","3",7,7,7,7,"Yes","8K-12K","Bachelor","Low","Better"
100884,"No",200,14,2781,13,1,33,9,3,"Medical","Male","Married","Travel_Rarely","Research & Development","1","Research Scientist","4",0,"3",15,"5","3",14,10,4,10,"No","0-3K","Bachelor","Very High","Better"
100885,"No",200,34,6852,12,1,40,10,3,"Technical Degree","Female","Divorced","Travel_Rarely","Sales","2","Sales Executive","2",7,"3",7,"2","4",5,1,1,3,"No","5K-8K","Bachelor","Medium","Best"
100886,"No",200,25,4950,14,0,25,10,4,"Life Sciences","Male","Single","Travel_Rarely","Sales","2","Sales Executive","4",0,"3",5,"4","3",4,3,1,1,"No","3K-5K","Masters","Very High","Better"
100887,"No",200,18,3579,21,1,30,1,3,"Medical","Male","Married","Travel_Rarely","Research & Development","1","Research Scientist","2",0,"4",12,"2","3",11,9,5,7,"Yes","3K-5K","Bachelor","Medium","Better"
100888,"No",200,66,13191,17,0,42,26,5,"Medical","Female","Married","Travel_Frequently","Research & Development","3","Research Director","1",3,"3",20,"6","3",1,0,0,0,"Yes","12K+","Doctor","Low","Better"
100889,"No",200,52,10377,11,1,35,8,2,"Marketing","Female","Married","Non-Travel","Sales","3","Sales Executive","4",4,"3",16,"6","2",13,2,4,12,"Yes","8K-12K","College","Very High","Good"
100890,"No",200,11,2235,14,2,27,14,3,"Life Sciences","Male","Married","Travel_Rarely","Research & Development","1","Research Scientist","1",1,"1",9,"3","2",9,7,6,8,"Yes","0-3K","Bachelor","Low","Good"
100891,"No",200,53,10502,17,1,54,1,4,"Life Sciences","Female","Divorced","Travel_Frequently","Research & Development","3","Manufacturing Director","3",7,"3",33,"2","1",5,4,1,4,"No","8K-12K","Masters","High","Bad"
100892,"No",200,10,2011,13,1,44,2,1,"Life Sciences","Female","Married","Travel_Rarely","Research & Development","1","Research Scientist","4",1,"3",10,"5","3",10,5,7,7,"No","0-3K","Below College","Very High","Better"
100893,"Yes",200,9,1859,25,0,19,10,3,"Medical","Female","Single","Non-Travel","Research & Development","1","Research Scientist","2",1,"4",1,"2","4",1,1,0,0,"Yes","0-3K","Bachelor","Medium","Best"
100894,"No",200,19,3760,15,3,29,1,3,"Life Sciences","Female","Divorced","Travel_Rarely","Research & Development","1","Research Scientist","4",1,"3",3,"5","3",3,2,1,2,"No","3K-5K","Bachelor","Very High","Better"
100895,"No",200,89,17779,14,0,54,3,3,"Life Sciences","Male","Married","Travel_Rarely","Research & Development","4","Research Director","4",3,"3",36,"2","3",10,9,0,9,"No","12K+","Bachelor","Very High","Better"
100896,"No",200,34,6833,12,0,31,11,2,"Medical","Male","Married","Travel_Rarely","Research & Development","2","Healthcare Representative","1",1,"1",6,"2","2",6,5,0,1,"Yes","5K-8K","College","Low","Good"
100897,"No",200,34,6812,19,0,31,24,3,"Medical","Female","Single","Travel_Rarely","Research & Development","2","Healthcare Representative","1",1,"3",10,"2","3",10,9,1,8,"No","5K-8K","Bachelor","Low","Better"
100898,"No",200,26,5171,17,0,59,3,3,"Life Sciences","Female","Single","Travel_Rarely","Sales","2","Sales Executive","4",5,"3",13,"2","3",6,1,0,5,"No","5K-8K","Bachelor","Very High","Better"
100899,"No",200,99,19740,14,1,43,3,3,"Life Sciences","Male","Married","Travel_Rarely","Research & Development","5","Research Director","4",3,"3",25,"2","3",8,7,0,7,"No","12K+","Bachelor","Very High","Better"
100900,"No",200,94,18711,13,1,49,4,2,"Medical","Male","Married","Travel_Rarely","Research & Development","5","Manager","3",2,"3",23,"2","4",1,0,0,0,"No","12K+","College","High","Best"
100901,"No",200,18,3692,12,0,36,3,3,"Technical Degree","Male","Married","Travel_Frequently","Research & Development","1","Research Scientist","2",1,"2",12,"2","2",11,10,0,7,"No","3K-5K","Bachelor","Medium","Good"
100902,"No",200,13,2559,11,0,48,2,2,"Technical Degree","Male","Single","Travel_Rarely","Research & Development","1","Laboratory Technician","2",5,"3",7,"4","2",1,0,0,0,"No","0-3K","College","Medium","Good"
100903,"No",200,13,2517,11,3,27,4,2,"Life Sciences","Male","Divorced","Travel_Rarely","Research & Development","1","Research Scientist","3",1,"3",5,"2","3",5,3,0,3,"No","0-3K","College","High","Better"
100904,"No",200,33,6623,11,2,29,7,3,"Life Sciences","Male","Divorced","Travel_Rarely","Research & Development","2","Healthcare Representative","4",1,"3",6,"2","3",6,0,1,0,"Yes","5K-8K","Bachelor","Very High","Better"
100905,"No",200,91,18265,12,0,48,1,3,"Life Sciences","Male","Single","Travel_Rarely","Research & Development","5","Research Director","4",6,"3",25,"3","4",1,0,0,0,"No","12K+","Bachelor","Very High","Best"
100906,"No",200,81,16124,14,2,29,1,3,"Life Sciences","Female","Divorced","Travel_Rarely","Research & Development","4","Research Director","4",3,"3",9,"2","2",7,7,1,7,"No","12K+","Bachelor","Very High","Good"
100907,"No",200,13,2585,17,0,34,20,3,"Technical Degree","Female","Married","Travel_Rarely","Research & Development","1","Research Scientist","3",0,"3",2,"5","2",1,0,0,0,"No","0-3K","Bachelor","High","Good"
100908,"No",200,91,18213,11,1,44,5,3,"Marketing","Male","Married","Travel_Rarely","Sales","5","Manager","2",7,"3",26,"5","3",22,9,3,10,"No","12K+","Bachelor","Medium","Better"
100909,"No",200,42,8380,14,2,33,10,5,"Marketing","Male","Divorced","Travel_Rarely","Sales","3","Sales Executive","3",0,"3",10,"3","3",9,8,0,8,"Yes","8K-12K","Doctor","High","Better"
100910,"No",200,15,2994,12,0,19,25,3,"Life Sciences","Female","Single","Travel_Rarely","Research & Development","1","Research Scientist","4",1,"3",1,"2","3",1,0,0,1,"Yes","0-3K","Bachelor","Very High","Better"
100911,"No",200,6,1223,22,1,23,1,2,"Life Sciences","Male","Married","Travel_Rarely","Research & Development","1","Research Scientist","3",1,"4",1,"2","3",1,0,0,1,"No","0-3K","College","High","Better"
100912,"Yes",200,6,1118,14,0,25,24,1,"Life Sciences","Male","Single","Travel_Frequently","Sales","1","Sales Representative","4",1,"3",1,"4","3",1,0,1,0,"Yes","0-3K","Below College","Very High","Better"
100913,"No",200,14,2875,20,0,26,4,2,"Life Sciences","Male","Single","Travel_Rarely","Research & Development","1","Research Scientist","4",1,"4",8,"2","2",8,5,2,2,"Yes","0-3K","College","Very High","Good"
100914,"Yes",200,94,18824,16,0,45,2,3,"Marketing","Female","Single","Travel_Rarely","Sales","5","Manager","2",2,"3",26,"2","3",24,10,1,11,"Yes","12K+","Bachelor","Medium","Better"
100915,"No",200,68,13577,15,1,55,8,1,"Medical","Male","Divorced","Non-Travel","Research & Development","4","Healthcare Representative","2",1,"3",34,"3","3",33,9,15,0,"Yes","12K+","Below College","Medium","Better"
100916,"Yes",200,13,2625,20,0,21,10,2,"Life Sciences","Female","Single","Travel_Frequently","Research & Development","1","Laboratory Technician","3",1,"4",2,"2","1",2,2,2,2,"No","0-3K","College","High","Bad"
100917,"No",200,94,18789,14,1,46,4,2,"Marketing","Female","Married","Travel_Rarely","Sales","5","Manager","2",2,"3",26,"2","3",11,4,0,8,"No","12K+","College","Medium","Better"
100918,"No",200,23,4538,12,0,34,2,3,"Marketing","Female","Single","Travel_Rarely","Sales","2","Sales Executive","1",0,"1",4,"3","3",3,2,0,2,"Yes","3K-5K","Bachelor","Low","Better"
100919,"No",200,99,19847,24,1,51,9,3,"Life Sciences","Male","Divorced","Travel_Frequently","Sales","5","Manager","2",4,"4",31,"5","2",29,10,11,10,"Yes","12K+","Bachelor","Medium","Good"
100920,"No",200,53,10512,12,0,59,18,4,"Medical","Male","Single","Travel_Rarely","Research & Development","3","Manufacturing Director","4",6,"3",25,"6","2",9,7,5,4,"No","8K-12K","Masters","Very High","Good"
100921,"No",200,22,4444,13,2,34,19,3,"Medical","Female","Divorced","Travel_Frequently","Research & Development","2","Laboratory Technician","2",4,"3",15,"2","4",11,8,5,10,"No","3K-5K","Bachelor","Medium","Best"
100922,"No",200,11,2154,11,0,28,1,4,"Medical","Male","Single","Travel_Frequently","Research & Development","1","Laboratory Technician","3",0,"3",5,"2","2",4,2,0,2,"Yes","0-3K","Masters","High","Good"
100923,"No",200,96,19190,14,2,44,4,2,"Life Sciences","Male","Divorced","Travel_Rarely","Research & Development","5","Manager","1",1,"3",26,"4","2",25,9,14,13,"No","12K+","College","Low","Good"
100924,"No",200,22,4490,11,2,34,11,3,"Life Sciences","Male","Married","Travel_Frequently","Human Resources","2","Human Resources","2",4,"3",14,"5","4",10,9,1,8,"No","3K-5K","Bachelor","Medium","Best"
100925,"No",200,18,3506,14,0,35,6,1,"Life Sciences","Male","Married","Travel_Rarely","Research & Development","1","Research Scientist","3",0,"3",4,"3","3",3,2,2,2,"Yes","3K-5K","Below College","High","Better"
100926,"No",200,12,2372,16,0,42,7,4,"Medical","Female","Married","Travel_Rarely","Research & Development","2","Research Scientist","2",6,"3",18,"2","3",1,0,0,0,"Yes","0-3K","Masters","Medium","Better"
100927,"No",200,51,10231,14,0,43,4,4,"Marketing","Female","Single","Travel_Rarely","Sales","3","Sales Executive","4",3,"3",23,"3","4",21,7,15,17,"No","8K-12K","Masters","Very High","Best"
100928,"No",200,27,5410,11,0,36,2,4,"Life Sciences","Female","Single","Travel_Rarely","Research & Development","2","Manufacturing Director","2",9,"1",18,"2","3",16,14,5,12,"Yes","5K-8K","Masters","Medium","Better"
100929,"Yes",200,40,7978,11,1,44,15,3,"Medical","Female","Married","Travel_Rarely","Research & Development","3","Healthcare Representative","4",1,"3",10,"2","3",10,7,0,5,"No","5K-8K","Bachelor","Very High","Better"
100930,"No",200,19,3867,12,1,28,2,3,"Life Sciences","Male","Married","Travel_Frequently","Research & Development","1","Laboratory Technician","4",1,"3",2,"2","3",2,2,2,2,"Yes","3K-5K","Bachelor","Very High","Better"
100931,"No",200,14,2838,14,0,51,6,2,"Medical","Female","Single","Travel_Frequently","Research & Development","1","Laboratory Technician","3",0,"3",8,"6","2",7,0,7,7,"No","0-3K","College","High","Good"
100932,"No",200,23,4695,18,0,30,9,2,"Medical","Female","Single","Non-Travel","Research & Development","2","Manufacturing Director","3",7,"3",10,"3","3",8,4,1,7,"Yes","3K-5K","College","High","Better"
100933,"Yes",200,17,3339,13,2,29,7,3,"Technical Degree","Female","Divorced","Travel_Rarely","Research & Development","1","Laboratory Technician","3",3,"3",10,"2","3",7,7,7,7,"Yes","3K-5K","Bachelor","High","Better"
100934,"No",200,10,2080,11,0,28,1,3,"Technical Degree","Male","Single","Travel_Rarely","Research & Development","1","Research Scientist","1",2,"1",5,"2","2",3,2,1,2,"No","0-3K","Bachelor","Low","Good"
100935,"No",200,10,2096,18,0,25,1,3,"Medical","Female","Single","Travel_Rarely","Research & Development","1","Research Scientist","2",1,"3",2,"3","2",2,2,2,1,"No","0-3K","Bachelor","Medium","Good"
100936,"No",200,31,6209,15,2,32,8,3,"Medical","Male","Married","Travel_Rarely","Sales","2","Sales Executive","4",1,"3",10,"4","4",10,7,0,8,"No","5K-8K","Bachelor","Very High","Best"
100937,"No",200,90,18061,22,0,45,25,3,"Medical","Female","Single","Travel_Frequently","Research & Development","5","Manager","2",3,"4",22,"4","3",0,0,0,0,"No","12K+","Bachelor","Medium","Better"
100938,"No",200,86,17123,13,2,39,13,4,"Medical","Female","Divorced","Travel_Rarely","Research & Development","4","Manager","2",6,"3",21,"4","3",19,9,15,2,"Yes","12K+","Masters","Medium","Better"
100939,"No",200,12,2372,12,2,58,23,4,"Life Sciences","Male","Divorced","Travel_Rarely","Research & Development","1","Research Scientist","3",1,"3",2,"3","3",2,2,2,2,"No","0-3K","Masters","High","Better"
100940,"Yes",200,24,4883,18,1,32,7,2,"Life Sciences","Male","Married","Travel_Rarely","Research & Development","2","Laboratory Technician","3",1,"3",10,"3","3",10,4,1,1,"No","3K-5K","College","High","Better"
100941,"Yes",200,20,3904,13,0,39,23,3,"Medical","Male","Single","Travel_Rarely","Research & Development","1","Research Scientist","1",0,"2",6,"2","3",5,2,0,3,"No","3K-5K","Bachelor","Low","Better"
100942,"No",200,23,4627,12,1,30,6,3,"Technical Degree","Female","Married","Travel_Rarely","Research & Development","2","Laboratory Technician","4",0,"3",10,"6","3",9,2,6,7,"No","3K-5K","Bachelor","Very High","Better"
100943,"No",200,35,7094,12,0,36,10,4,"Technical Degree","Female","Married","Travel_Rarely","Research & Development","3","Healthcare Representative","3",3,"3",10,"0","3",7,7,1,7,"No","5K-8K","Masters","High","Better"
100944,"No",200,17,3423,12,0,46,1,2,"Life Sciences","Female","Single","Travel_Rarely","Human Resources","1","Human Resources","1",6,"1",10,"3","4",7,6,5,7,"No","3K-5K","College","Low","Best"
100945,"No",200,33,6674,11,3,28,1,3,"Life Sciences","Female","Married","Non-Travel","Research & Development","2","Laboratory Technician","4",0,"3",10,"6","3",9,8,7,5,"No","5K-8K","Bachelor","Very High","Better"
100946,"No",200,84,16880,11,0,50,28,3,"Life Sciences","Female","Married","Travel_Rarely","Research & Development","4","Research Director","1",4,"3",25,"2","3",3,2,1,2,"Yes","12K+","Bachelor","Low","Better"
100947,"Yes",200,45,9094,12,0,40,25,4,"Marketing","Male","Single","Travel_Rarely","Sales","3","Sales Executive","2",2,"1",9,"2","3",5,4,1,0,"Yes","8K-12K","Masters","Medium","Better"
100948,"Yes",200,42,8446,19,0,52,5,3,"Life Sciences","Male","Single","Travel_Rarely","Sales","3","Sales Executive","2",9,"1",10,"2","2",8,7,7,7,"Yes","8K-12K","Bachelor","Medium","Good"
100949,"No",200,60,11916,23,2,30,17,4,"Medical","Female","Married","Travel_Rarely","Research & Development","3","Manager","1",1,"4",9,"2","3",9,1,0,8,"Yes","8K-12K","Masters","Low","Better"
100950,"No",200,23,4534,11,0,39,18,2,"Life Sciences","Male","Single","Travel_Rarely","Research & Development","2","Manufacturing Director","3",0,"3",9,"6","3",8,7,1,7,"No","3K-5K","College","High","Better"
100951,"No",200,49,9852,19,1,31,2,4,"Life Sciences","Female","Divorced","Non-Travel","Sales","3","Sales Executive","3",1,"3",10,"5","2",10,8,9,6,"Yes","8K-12K","Masters","High","Good"
100952,"No",200,31,6151,13,0,41,10,2,"Medical","Male","Single","Non-Travel","Sales","2","Sales Executive","2",1,"3",19,"4","3",19,2,11,9,"No","5K-8K","College","Medium","Better"
100953,"Yes",200,12,2302,11,0,31,1,3,"Life Sciences","Female","Single","Travel_Frequently","Sales","1","Sales Representative","2",1,"2",3,"2","4",3,2,2,2,"Yes","0-3K","Bachelor","Medium","Best"
100954,"Yes",200,12,2362,12,0,44,3,3,"Life Sciences","Male","Married","Travel_Rarely","Research & Development","1","Laboratory Technician","1",4,"3",10,"4","4",3,2,1,2,"No","0-3K","Bachelor","Low","Best"
100955,"No",200,89,17861,13,0,42,2,1,"Life Sciences","Male","Married","Non-Travel","Research & Development","4","Manager","3",0,"3",21,"3","2",20,8,2,10,"Yes","12K+","Below College","High","Good"
100956,"No",200,96,19187,14,1,55,2,2,"Medical","Female","Married","Travel_Rarely","Research & Development","5","Manager","3",4,"3",23,"5","3",19,9,9,11,"No","12K+","College","High","Better"
100957,"No",200,99,19717,14,0,56,8,4,"Life Sciences","Male","Single","Travel_Rarely","Human Resources","5","Manager","2",6,"3",36,"4","3",7,3,7,7,"No","12K+","Masters","Medium","Better"
100958,"No",200,18,3544,16,1,40,16,2,"Life Sciences","Male","Divorced","Non-Travel","Research & Development","1","Research Scientist","3",9,"3",6,"0","3",4,2,0,0,"No","3K-5K","College","High","Better"
100959,"No",200,43,8500,11,1,34,9,3,"Life Sciences","Male","Divorced","Travel_Rarely","Research & Development","3","Healthcare Representative","4",0,"3",10,"0","2",9,7,1,6,"No","8K-12K","Bachelor","Very High","Good"
100960,"No",200,23,4661,13,0,40,2,3,"Life Sciences","Male","Single","Travel_Rarely","Research & Development","2","Research Scientist","4",1,"3",9,"4","3",9,8,8,8,"No","3K-5K","Bachelor","Very High","Better"
100961,"No",200,21,4103,17,1,41,1,3,"Marketing","Female","Divorced","Travel_Frequently","Sales","2","Sales Executive","1",0,"3",10,"2","3",9,3,1,7,"No","3K-5K","Bachelor","Low","Better"
100962,"No",200,21,4249,11,0,35,4,4,"Life Sciences","Male","Single","Travel_Frequently","Research & Development","2","Research Scientist","3",1,"3",9,"3","3",9,6,1,1,"Yes","3K-5K","Masters","High","Better"
100963,"No",200,70,14026,11,1,51,5,3,"Life Sciences","Male","Divorced","Travel_Rarely","Human Resources","4","Manager","2",1,"3",33,"2","3",33,9,0,10,"Yes","12K+","Bachelor","Medium","Better"
100964,"No",200,34,6893,15,1,38,2,2,"Life Sciences","Female","Divorced","Travel_Rarely","Sales","2","Sales Executive","1",3,"3",11,"3","3",7,7,1,7,"No","5K-8K","College","Low","Better"
100965,"No",200,31,6125,12,0,34,15,2,"Medical","Female","Single","Travel_Rarely","Sales","2","Sales Executive","1",1,"3",10,"6","4",10,8,9,6,"No","5K-8K","College","Low","Best"
100966,"No",200,18,3669,11,3,25,19,1,"Medical","Male","Married","Travel_Rarely","Research & Development","1","Laboratory Technician","4",3,"3",7,"6","2",3,2,1,2,"No","3K-5K","Below College","Very High","Good"
100967,"Yes",200,50,10008,14,0,58,7,4,"Medical","Female","Married","Travel_Rarely","Research & Development","3","Manufacturing Director","1",7,"2",31,"0","2",10,9,5,9,"Yes","8K-12K","Masters","Low","Good"
100968,"No",200,12,2387,22,1,40,1,4,"Life Sciences","Male","Married","Travel_Rarely","Research & Development","1","Laboratory Technician","2",3,"4",7,"3","3",4,2,0,3,"No","0-3K","Masters","Medium","Better"
100969,"No",200,23,4639,16,1,36,7,3,"Marketing","Female","Married","Travel_Frequently","Sales","2","Sales Executive","1",2,"1",17,"2","2",15,7,6,13,"No","3K-5K","Bachelor","Low","Good"
100970,"No",200,39,7898,11,0,48,4,3,"Life Sciences","Male","Single","Travel_Rarely","Research & Development","3","Manufacturing Director","4",1,"3",11,"2","3",10,9,0,8,"No","5K-8K","Bachelor","Very High","Better"
100971,"No",200,13,2534,14,1,27,11,3,"Medical","Female","Married","Travel_Rarely","Sales","1","Sales Representative","4",8,"3",5,"4","3",1,0,0,0,"No","0-3K","Bachelor","Very High","Better"
100972,"No",200,66,13142,16,0,51,11,2,"Technical Degree","Female","Single","Travel_Rarely","Research & Development","4","Manufacturing Director","2",3,"3",29,"1","2",5,2,0,3,"No","12K+","College","Medium","Good"
100973,"No",200,8,1611,15,0,18,1,3,"Life Sciences","Female","Single","Non-Travel","Research & Development","1","Laboratory Technician","4",1,"3",0,"5","4",0,0,0,0,"No","0-3K","Bachelor","Very High","Best"
100974,"No",200,27,5363,12,1,35,1,3,"Medical","Female","Married","Travel_Rarely","Research & Development","2","Laboratory Technician","4",0,"3",10,"0","3",9,7,0,0,"No","5K-8K","Bachelor","Very High","Better"
100975,"No",200,25,5071,20,0,27,2,1,"Life Sciences","Male","Single","Travel_Frequently","Sales","2","Sales Executive","4",3,"4",8,"3","3",6,2,0,0,"No","5K-8K","Below College","Very High","Better"
100976,"Yes",200,68,13695,17,0,55,13,4,"Marketing","Male","Single","Travel_Rarely","Sales","4","Sales Executive","3",6,"3",24,"2","2",19,7,3,8,"Yes","12K+","Masters","High","Good"
100977,"No",200,67,13402,12,1,56,23,3,"Life Sciences","Male","Married","Travel_Rarely","Research & Development","4","Manufacturing Director","2",4,"3",33,"0","3",19,16,15,9,"Yes","12K+","Bachelor","Medium","Better"
100978,"No",200,10,2029,20,3,34,26,1,"Technical Degree","Female","Divorced","Non-Travel","Research & Development","1","Research Scientist","3",1,"4",5,"2","3",5,4,0,0,"No","0-3K","Below College","High","Better"
100979,"No",200,32,6377,20,3,40,2,1,"Medical","Female","Divorced","Travel_Rarely","Research & Development","2","Healthcare Representative","3",5,"4",15,"0","3",12,11,11,8,"No","5K-8K","Below College","High","Better"
100980,"No",200,27,5429,13,2,34,29,3,"Medical","Male","Married","Travel_Rarely","Research & Development","2","Laboratory Technician","3",4,"3",10,"1","3",8,7,7,7,"No","5K-8K","Bachelor","High","Better"
100981,"Yes",200,14,2785,14,0,31,2,3,"Life Sciences","Female","Single","Travel_Frequently","Sales","1","Sales Representative","4",7,"3",3,"3","4",1,0,0,0,"No","0-3K","Bachelor","Very High","Best"
100982,"Yes",200,23,4614,18,1,35,18,4,"Marketing","Female","Married","Travel_Frequently","Sales","2","Sales Executive","3",0,"3",5,"0","2",4,2,3,2,"Yes","3K-5K","Masters","High","Good"
100983,"No",200,13,2610,11,3,38,7,3,"Life Sciences","Male","Divorced","Travel_Frequently","Research & Development","1","Research Scientist","3",1,"3",4,"2","3",4,2,0,3,"No","0-3K","Bachelor","High","Better"
100984,"No",200,33,6687,11,0,34,2,4,"Technical Degree","Female","Single","Travel_Rarely","Research & Development","2","Healthcare Representative","4",1,"3",14,"2","4",14,11,4,11,"No","5K-8K","Masters","Very High","Best"
100985,"No",200,24,4724,11,1,28,26,3,"Life Sciences","Male","Married","Travel_Rarely","Sales","2","Sales Executive","1",1,"3",5,"0","3",5,3,0,4,"No","3K-5K","Bachelor","Low","Better"
100986,"Yes",200,31,6179,15,2,31,22,4,"Medical","Male","Married","Travel_Rarely","Research & Development","2","Manufacturing Director","3",1,"3",10,"3","2",10,2,6,7,"Yes","5K-8K","Masters","High","Good"
100987,"No",200,31,6120,12,2,39,21,4,"Life Sciences","Male","Married","Travel_Rarely","Sales","2","Sales Executive","4",3,"3",8,"2","4",5,4,1,4,"Yes","5K-8K","Masters","Very High","Best"
100988,"No",200,53,10596,11,0,51,2,3,"Marketing","Male","Married","Travel_Frequently","Sales","3","Sales Executive","2",2,"3",14,"5","3",4,2,3,2,"No","8K-12K","Bachelor","Medium","Better"
100989,"No",200,27,5467,14,2,41,22,3,"Life Sciences","Female","Divorced","Travel_Frequently","Research & Development","2","Research Scientist","4",3,"3",12,"4","2",6,2,3,3,"Yes","5K-8K","Bachelor","Very High","Good"
100990,"No",200,15,2996,15,0,37,4,1,"Life Sciences","Male","Married","Travel_Rarely","Research & Development","1","Research Scientist","3",7,"3",8,"2","3",6,4,1,3,"Yes","0-3K","Below College","High","Better"
100991,"No",200,50,9998,13,0,33,5,1,"Life Sciences","Male","Married","Travel_Frequently","Sales","2","Sales Executive","4",6,"3",8,"2","4",5,4,1,2,"No","8K-12K","Below College","Very High","Best"
100992,"No",200,20,4078,13,3,32,2,1,"Marketing","Male","Married","Travel_Rarely","Sales","2","Sales Executive","2",0,"3",4,"3","2",3,2,1,2,"Yes","3K-5K","Below College","Medium","Good"
100993,"No",200,55,10920,21,1,39,25,2,"Life Sciences","Male","Married","Non-Travel","Research & Development","3","Healthcare Representative","3",3,"4",13,"2","3",6,4,0,5,"No","8K-12K","College","High","Better"
100994,"No",200,31,6232,11,0,25,18,1,"Life Sciences","Male","Married","Travel_Rarely","Sales","2","Sales Executive","3",2,"3",6,"3","2",3,2,1,2,"No","5K-8K","Below College","High","Good"
100995,"No",200,66,13247,11,1,52,28,2,"Medical","Female","Married","Travel_Frequently","Research & Development","4","Manufacturing Director","3",2,"3",24,"3","2",5,3,0,2,"Yes","12K+","College","High","Good"
100996,"No",200,20,4081,14,0,43,6,3,"Medical","Female","Single","Travel_Rarely","Research & Development","2","Research Scientist","3",1,"3",20,"3","1",20,7,1,8,"Yes","3K-5K","Bachelor","High","Bad"
100997,"No",200,29,5769,11,0,27,10,3,"Marketing","Female","Married","Travel_Rarely","Sales","2","Sales Executive","4",1,"3",6,"3","3",6,2,4,4,"Yes","5K-8K","Bachelor","Very High","Better"
100998,"Yes",200,12,2394,13,0,27,17,4,"Life Sciences","Female","Single","Travel_Rarely","Research & Development","1","Research Scientist","3",1,"3",8,"2","3",8,2,7,7,"Yes","0-3K","Masters","High","Better"
100999,"No",200,20,3904,12,0,26,2,1,"Medical","Male","Single","Travel_Rarely","Research & Development","1","Research Scientist","4",0,"3",5,"2","3",4,3,1,1,"No","3K-5K","Below College","Very High","Better"
101000,"No",200,84,16799,14,1,42,10,3,"Human Resources","Female","Married","Travel_Rarely","Human Resources","4","Manager","1",0,"3",21,"5","3",20,7,0,9,"No","12K+","Bachelor","Low","Better"
101001,"No",200,15,2950,13,0,52,8,4,"Other","Female","Married","Travel_Rarely","Research & Development","1","Laboratory Technician","1",9,"2",12,"2","1",5,4,0,4,"No","0-3K","Masters","Low","Bad"
101002,"No",200,18,3629,18,0,37,11,3,"Medical","Female","Single","Travel_Rarely","Research & Development","1","Laboratory Technician","3",4,"3",8,"6","3",3,2,0,2,"No","3K-5K","Bachelor","High","Better"
101003,"No",200,47,9362,11,0,35,18,2,"Life Sciences","Male","Single","Travel_Frequently","Research & Development","3","Manufacturing Director","4",2,"3",10,"2","3",2,2,2,2,"No","8K-12K","College","Very High","Better"
101004,"No",200,16,3229,11,1,25,1,3,"Technical Degree","Male","Married","Travel_Rarely","Research & Development","1","Laboratory Technician","4",4,"3",7,"2","2",3,2,0,2,"No","3K-5K","Bachelor","Very High","Good"
101005,"No",200,18,3578,12,0,26,7,3,"Other","Male","Single","Travel_Rarely","Research & Development","1","Laboratory Technician","1",0,"2",8,"2","3",7,7,0,7,"No","3K-5K","Bachelor","Low","Better"
101006,"No",200,40,7988,13,0,29,17,3,"Other","Male","Single","Travel_Rarely","Human Resources","3","Human Resources","1",1,"1",10,"3","2",10,9,0,9,"No","5K-8K","Bachelor","Low","Good"
101007,"Yes",200,21,4284,20,0,49,28,2,"Life Sciences","Male","Single","Travel_Frequently","Research & Development","2","Laboratory Technician","1",3,"4",20,"2","3",4,3,1,3,"No","3K-5K","College","Low","Better"
101008,"Yes",200,38,7553,12,0,29,14,1,"Other","Female","Single","Travel_Frequently","Research & Development","3","Healthcare Representative","4",0,"3",9,"1","3",8,7,7,7,"Yes","5K-8K","Below College","Very High","Better"
101009,"No",200,87,17328,19,0,54,1,3,"Medical","Female","Single","Travel_Rarely","Research & Development","4","Research Director","4",6,"3",29,"3","2",20,7,12,7,"No","12K+","Bachelor","Very High","Good"
101010,"No",200,99,19701,21,1,58,1,3,"Medical","Female","Married","Travel_Rarely","Research & Development","5","Research Director","1",3,"4",32,"3","3",9,8,1,5,"Yes","12K+","Bachelor","Low","Better"
101011,"No",200,74,14732,13,2,55,1,4,"Medical","Male","Divorced","Travel_Rarely","Research & Development","4","Research Director","4",2,"3",31,"4","4",7,7,0,0,"No","12K+","Masters","Very High","Best"
101012,"No",200,46,9278,16,0,36,3,4,"Marketing","Female","Single","Travel_Rarely","Sales","2","Sales Executive","2",3,"3",15,"3","3",5,4,0,1,"Yes","8K-12K","Masters","Medium","Better"
101013,"Yes",200,7,1359,12,0,31,1,4,"Life Sciences","Female","Single","Travel_Frequently","Sales","1","Sales Representative","3",1,"3",1,"3","3",1,0,0,0,"No","0-3K","Masters","High","Better"
101014,"No",200,24,4779,14,2,30,7,4,"Marketing","Female","Divorced","Travel_Rarely","Sales","2","Sales Executive","1",7,"3",8,"3","3",3,2,0,2,"No","3K-5K","Masters","Low","Better"
101015,"No",200,82,16422,11,0,31,8,5,"Life Sciences","Female","Single","Travel_Rarely","Research & Development","4","Research Director","2",3,"3",9,"3","4",3,2,1,0,"No","12K+","Doctor","Medium","Best"
101016,"No",200,15,2996,14,2,34,1,4,"Other","Male","Divorced","Travel_Frequently","Research & Development","1","Research Scientist","1",5,"3",10,"2","3",4,3,1,3,"No","0-3K","Masters","Low","Better"
101017,"Yes",200,6,1261,12,0,31,8,3,"Life Sciences","Female","Single","Travel_Rarely","Research & Development","1","Research Scientist","2",1,"1",1,"3","4",1,0,0,0,"No","0-3K","Bachelor","Medium","Best"
101018,"No",200,10,2099,14,0,27,11,1,"Life Sciences","Male","Married","Travel_Rarely","Research & Development","1","Laboratory Technician","1",0,"2",6,"3","4",5,0,1,4,"No","0-3K","Below College","Low","Best"
101019,"No",200,29,5810,16,0,36,4,4,"Life Sciences","Male","Single","Travel_Rarely","Research & Development","2","Laboratory Technician","4",1,"3",10,"2","2",10,4,1,8,"No","5K-8K","Masters","Very High","Good"
101020,"No",200,28,5647,13,2,36,16,4,"Marketing","Female","Married","Travel_Rarely","Sales","2","Sales Executive","1",4,"3",11,"3","2",3,2,0,2,"No","5K-8K","Masters","Low","Good"
101021,"No",200,17,3420,12,1,47,1,3,"Technical Degree","Male","Married","Travel_Rarely","Research & Development","1","Research Scientist","4",7,"3",17,"2","2",6,5,1,2,"No","3K-5K","Bachelor","Very High","Good"
101022,"Yes",200,22,4400,12,0,25,9,2,"Life Sciences","Male","Married","Travel_Rarely","Sales","1","Sales Representative","1",3,"1",6,"2","3",3,2,2,2,"No","3K-5K","College","Low","Better"
101023,"No",200,18,3500,14,0,37,5,2,"Technical Degree","Male","Single","Non-Travel","Research & Development","1","Laboratory Technician","3",0,"3",7,"2","1",6,5,1,3,"No","3K-5K","College","High","Bad"
101024,"No",200,10,2066,22,1,56,1,2,"Life Sciences","Female","Married","Travel_Rarely","Research & Development","1","Research Scientist","1",2,"4",5,"3","4",3,2,1,0,"No","0-3K","College","Low","Best"
101025,"No",200,86,17169,19,2,47,2,4,"Medical","Female","Married","Travel_Rarely","Research & Development","4","Research Director","3",3,"3",26,"2","4",20,17,5,6,"No","12K+","Masters","High","Best"
101026,"No",200,21,4162,12,2,24,4,1,"Medical","Female","Married","Travel_Rarely","Sales","2","Sales Executive","3",1,"3",5,"3","3",5,4,0,3,"Yes","3K-5K","Below College","High","Better"
101027,"No",200,46,9204,12,1,32,7,5,"Marketing","Male","Married","Travel_Rarely","Sales","2","Sales Executive","4",4,"3",7,"3","2",4,3,0,3,"No","8K-12K","Doctor","Very High","Good"
101028,"No",200,16,3294,17,1,34,1,3,"Life Sciences","Female","Married","Travel_Rarely","Research & Development","1","Laboratory Technician","2",5,"3",7,"2","2",5,4,0,2,"No","3K-5K","Bachelor","Medium","Good"
101029,"No",200,11,2127,12,0,41,5,5,"Medical","Male","Married","Travel_Rarely","Research & Development","1","Research Scientist","3",2,"3",7,"5","2",4,2,0,3,"Yes","0-3K","Doctor","High","Good"
101030,"No",200,20,3975,11,2,40,9,4,"Other","Male","Divorced","Non-Travel","Research & Development","2","Laboratory Technician","3",3,"3",11,"2","4",8,7,0,7,"No","3K-5K","Masters","High","Best"
101031,"No",200,54,10793,18,1,31,8,2,"Life Sciences","Male","Divorced","Travel_Rarely","Sales","3","Sales Executive","4",1,"3",13,"5","3",13,7,9,9,"No","8K-12K","College","Very High","Better"
101032,"Yes",200,50,10096,11,1,46,9,3,"Marketing","Male","Divorced","Travel_Rarely","Sales","3","Sales Executive","4",4,"3",28,"1","4",7,7,4,3,"No","8K-12K","Bachelor","Very High","Best"
101033,"Yes",200,18,3646,23,0,39,2,3,"Life Sciences","Female","Single","Non-Travel","Research & Development","1","Laboratory Technician","1",2,"4",11,"2","4",1,0,0,0,"Yes","3K-5K","Bachelor","Low","Best"
101034,"Yes",200,37,7446,11,0,31,1,5,"Life Sciences","Female","Single","Travel_Frequently","Research & Development","3","Manufacturing Director","2",1,"1",10,"2","3",10,8,4,7,"No","5K-8K","Doctor","Medium","Better"
101035,"No",200,54,10851,18,1,45,20,3,"Medical","Male","Divorced","Travel_Rarely","Research & Development","3","Healthcare Representative","1",2,"3",24,"2","3",7,7,0,7,"Yes","8K-12K","Bachelor","Low","Better"
101036,"No",200,11,2109,18,0,31,8,2,"Medical","Female","Single","Travel_Rarely","Human Resources","1","Human Resources","2",9,"3",8,"3","3",3,2,0,2,"No","0-3K","College","Medium","Better"
101037,"Yes",200,19,3722,13,1,31,2,3,"Life Sciences","Male","Married","Travel_Frequently","Research & Development","1","Laboratory Technician","4",6,"3",7,"2","1",2,2,2,2,"Yes","3K-5K","Bachelor","Very High","Bad"
101038,"No",200,47,9380,18,2,45,29,3,"Technical Degree","Male","Married","Travel_Rarely","Research & Development","3","Manufacturing Director","4",4,"3",10,"4","4",3,1,1,2,"Yes","8K-12K","Bachelor","Very High","Best"
101039,"No",200,27,5486,11,3,48,7,3,"Marketing","Male","Divorced","Travel_Rarely","Sales","2","Sales Executive","1",4,"3",15,"3","3",2,2,2,2,"No","5K-8K","Bachelor","Low","Better"
101040,"Yes",200,14,2742,15,0,34,9,4,"Technical Degree","Female","Married","Travel_Rarely","Human Resources","1","Human Resources","3",1,"3",2,"0","3",2,2,2,2,"No","0-3K","Masters","High","Better"
101041,"No",200,69,13757,11,1,40,8,1,"Medical","Male","Divorced","Non-Travel","Research & Development","3","Research Director","2",2,"3",16,"5","3",9,8,4,8,"No","12K+","Below College","Medium","Better"
101042,"No",200,42,8463,18,0,28,5,3,"Medical","Male","Single","Travel_Rarely","Sales","2","Sales Executive","1",0,"3",6,"4","3",5,4,1,3,"No","8K-12K","Bachelor","Low","Better"
101043,"No",200,16,3162,14,0,44,5,3,"Life Sciences","Male","Single","Non-Travel","Research & Development","1","Laboratory Technician","3",3,"3",7,"5","3",5,2,0,3,"No","3K-5K","Bachelor","High","Better"
101044,"No",200,83,16598,12,0,53,2,3,"Medical","Male","Single","Travel_Rarely","Research & Development","4","Research Director","2",4,"3",35,"2","2",9,8,8,8,"No","12K+","Bachelor","Medium","Good"
101045,"No",200,33,6651,14,1,49,5,4,"Technical Degree","Male","Married","Travel_Rarely","Research & Development","2","Healthcare Representative","3",2,"3",20,"0","2",3,2,1,2,"No","5K-8K","Masters","High","Good"
101046,"No",200,12,2345,14,1,40,2,3,"Medical","Male","Divorced","Travel_Rarely","Research & Development","1","Research Scientist","3",2,"3",8,"3","4",3,1,1,2,"No","0-3K","Bachelor","High","Best"
101047,"No",200,17,3420,13,0,44,20,3,"Life Sciences","Male","Single","Travel_Rarely","Research & Development","1","Research Scientist","2",1,"1",6,"3","2",5,2,1,3,"No","3K-5K","Bachelor","Medium","Good"
101048,"No",200,22,4373,14,2,33,7,3,"Medical","Male","Married","Travel_Frequently","Sales","2","Sales Executive","1",0,"3",5,"2","3",4,3,0,3,"No","3K-5K","Bachelor","Low","Better"
101049,"No",200,24,4759,18,0,34,3,3,"Other","Male","Single","Travel_Rarely","Sales","2","Sales Executive","1",3,"3",15,"2","3",13,9,3,12,"No","3K-5K","Bachelor","Low","Better"
101050,"No",200,27,5301,15,2,30,16,1,"Life Sciences","Male","Married","Travel_Rarely","Sales","2","Sales Executive","3",8,"3",4,"2","2",2,1,2,2,"No","5K-8K","Below College","High","Good"
101051,"No",200,18,3673,13,0,42,9,2,"Medical","Female","Single","Travel_Frequently","Research & Development","1","Laboratory Technician","4",1,"3",12,"3","3",12,9,5,8,"No","3K-5K","College","Very High","Better"
101052,"No",200,24,4768,12,1,44,1,5,"Marketing","Female","Married","Travel_Frequently","Sales","2","Sales Executive","3",7,"3",11,"4","2",1,0,0,0,"No","3K-5K","Doctor","High","Good"
101053,"No",200,6,1274,13,2,30,7,3,"Technical Degree","Male","Divorced","Non-Travel","Research & Development","1","Research Scientist","3",1,"3",1,"2","2",1,0,0,0,"No","0-3K","Bachelor","High","Good"
101054,"No",200,25,4900,24,1,57,1,2,"Life Sciences","Male","Married","Travel_Rarely","Research & Development","2","Research Scientist","3",0,"4",13,"2","2",12,9,2,8,"No","3K-5K","College","High","Good"
101055,"No",200,52,10466,14,2,49,7,4,"Life Sciences","Male","Divorced","Travel_Rarely","Research & Development","3","Healthcare Representative","2",3,"3",29,"3","3",8,7,0,7,"No","8K-12K","Masters","Medium","Better"
101056,"No",200,85,17007,14,2,34,15,3,"Medical","Male","Divorced","Travel_Frequently","Research & Development","4","Research Director","1",7,"1",16,"3","2",14,8,6,9,"No","12K+","Bachelor","Low","Good"
101057,"Yes",200,15,2909,15,1,28,1,3,"Technical Degree","Male","Married","Travel_Frequently","Sales","1","Sales Representative","3",3,"3",5,"3","4",3,2,1,2,"No","0-3K","Bachelor","High","Best"
101058,"Yes",200,29,5765,11,0,29,13,3,"Technical Degree","Female","Single","Travel_Frequently","Sales","2","Sales Executive","2",5,"3",7,"4","1",5,3,0,0,"No","5K-8K","Bachelor","Medium","Bad"
101059,"Yes",200,23,4599,23,0,34,24,4,"Medical","Female","Single","Travel_Rarely","Sales","2","Sales Executive","2",0,"1",16,"2","4",15,9,10,10,"Yes","3K-5K","Masters","Medium","Best"
101060,"No",200,12,2404,13,1,35,7,1,"Life Sciences","Male","Married","Travel_Rarely","Sales","1","Sales Representative","3",1,"3",1,"3","3",1,0,0,0,"No","0-3K","Below College","High","Better"
101061,"Yes",200,16,3172,11,0,24,9,3,"Medical","Male","Single","Travel_Frequently","Research & Development","1","Laboratory Technician","1",2,"1",4,"2","2",0,0,0,0,"Yes","3K-5K","Bachelor","Low","Good"
101062,"No",200,10,2033,13,1,24,13,2,"Life Sciences","Female","Married","Non-Travel","Sales","1","Sales Representative","2",1,"3",1,"2","3",1,0,0,0,"No","0-3K","College","Medium","Better"
101063,"No",200,51,10209,18,0,44,2,1,"Medical","Male","Single","Travel_Frequently","Research & Development","3","Manufacturing Director","3",5,"3",16,"2","2",2,2,2,2,"Yes","8K-12K","Below College","High","Good"
101064,"No",200,43,8620,14,2,29,19,3,"Life Sciences","Male","Divorced","Travel_Rarely","Sales","2","Sales Executive","3",1,"3",10,"3","3",10,7,0,4,"No","8K-12K","Bachelor","High","Better"
101065,"No",200,10,2064,21,1,30,1,3,"Life Sciences","Male","Divorced","Travel_Rarely","Human Resources","1","Human Resources","3",0,"4",6,"3","4",5,3,1,3,"No","0-3K","Bachelor","High","Best"
101066,"No",200,20,4035,16,0,55,4,4,"Life Sciences","Male","Married","Travel_Rarely","Research & Development","2","Healthcare Representative","3",0,"3",4,"2","3",3,2,1,2,"Yes","3K-5K","Masters","High","Better"
101067,"No",200,19,3838,11,0,33,4,4,"Medical","Female","Married","Travel_Rarely","Research & Development","1","Laboratory Technician","2",8,"3",8,"5","3",5,4,0,2,"No","3K-5K","Masters","Medium","Better"
101068,"No",200,23,4591,17,1,47,14,3,"Medical","Female","Married","Travel_Rarely","Sales","2","Sales Executive","3",3,"3",11,"4","2",5,4,1,2,"Yes","3K-5K","Bachelor","High","Good"
101069,"Yes",200,13,2561,11,0,28,2,2,"Medical","Male","Single","Travel_Frequently","Research & Development","1","Laboratory Technician","1",7,"1",8,"2","2",0,0,0,0,"No","0-3K","College","Low","Good"
101070,"No",200,8,1563,14,1,28,1,3,"Life Sciences","Male","Divorced","Travel_Rarely","Research & Development","1","Research Scientist","3",1,"3",1,"2","1",1,0,0,0,"No","0-3K","Bachelor","High","Bad"
101071,"No",200,24,4898,14,0,28,7,3,"Life Sciences","Male","Single","Travel_Frequently","Sales","2","Sales Executive","1",0,"3",5,"5","3",4,2,1,3,"No","3K-5K","Bachelor","Low","Better"
101072,"No",200,24,4789,25,1,49,3,2,"Medical","Female","Married","Travel_Rarely","Research & Development","2","Laboratory Technician","1",4,"4",10,"3","3",3,2,1,2,"No","3K-5K","College","Low","Better"
101073,"No",200,16,3180,13,3,29,2,1,"Life Sciences","Female","Married","Travel_Frequently","Research & Development","1","Laboratory Technician","2",0,"3",4,"3","3",3,2,0,2,"No","3K-5K","Below College","Medium","Better"
101074,"No",200,33,6549,14,2,28,29,1,"Life Sciences","Male","Married","Travel_Rarely","Research & Development","2","Manufacturing Director","2",1,"3",8,"2","2",8,6,1,7,"No","5K-8K","Below College","Medium","Good"
101075,"No",200,32,6388,17,0,33,8,5,"Life Sciences","Male","Single","Travel_Rarely","Research & Development","2","Healthcare Representative","3",2,"3",14,"6","3",0,0,0,0,"Yes","5K-8K","Doctor","High","Better"
101076,"No",200,56,11244,25,0,32,10,3,"Medical","Male","Single","Travel_Rarely","Research & Development","3","Manager","4",2,"4",10,"5","4",5,2,0,0,"No","8K-12K","Bachelor","Very High","Best"
101077,"No",200,80,16032,20,1,54,11,4,"Medical","Female","Divorced","Travel_Frequently","Research & Development","4","Manager","4",3,"4",26,"2","3",14,9,1,12,"No","12K+","Masters","Very High","Better"
101078,"Yes",200,12,2362,13,0,29,1,4,"Technical Degree","Male","Single","Travel_Rarely","Research & Development","1","Research Scientist","1",6,"1",11,"2","1",9,7,0,7,"No","0-3K","Masters","Low","Bad"
101079,"No",200,82,16328,13,1,44,28,3,"Life Sciences","Male","Married","Travel_Rarely","Research & Development","4","Research Director","1",3,"3",24,"1","4",20,6,14,17,"No","12K+","Bachelor","Low","Best"
101080,"No",200,42,8376,18,0,39,6,3,"Life Sciences","Female","Single","Travel_Rarely","Research & Development","3","Manufacturing Director","2",4,"3",9,"3","3",2,0,2,2,"No","8K-12K","Bachelor","Medium","Better"
101081,"No",200,83,16606,12,1,46,3,3,"Life Sciences","Female","Married","Travel_Rarely","Sales","4","Manager","2",8,"3",23,"2","4",13,12,5,1,"No","12K+","Bachelor","Medium","Best"
101082,"No",200,43,8606,19,0,35,16,3,"Life Sciences","Female","Single","Travel_Rarely","Research & Development","3","Healthcare Representative","2",1,"2",11,"3","1",11,8,3,3,"No","8K-12K","Bachelor","Medium","Bad"
101083,"No",200,11,2272,14,0,23,20,1,"Life Sciences","Male","Single","Travel_Rarely","Research & Development","2","Laboratory Technician","3",0,"3",5,"2","3",4,3,1,2,"No","0-3K","Below College","High","Better"
101084,"Yes",200,10,2018,14,0,40,9,4,"Life Sciences","Male","Single","Travel_Rarely","Research & Development","1","Laboratory Technician","1",3,"2",15,"3","1",5,4,1,0,"No","0-3K","Masters","Low","Bad"
101085,"No",200,35,7083,14,0,34,1,3,"Technical Degree","Male","Married","Travel_Rarely","Sales","3","Sales Executive","3",1,"3",10,"3","3",10,9,8,6,"Yes","5K-8K","Bachelor","High","Better"
101086,"Yes",200,20,4084,12,0,31,3,3,"Life Sciences","Female","Single","Travel_Frequently","Research & Development","1","Research Scientist","3",1,"3",7,"2","1",7,2,7,7,"No","3K-5K","Bachelor","High","Bad"
101087,"No",200,72,14411,13,0,50,22,5,"Medical","Male","Single","Travel_Frequently","Research & Development","4","Research Director","4",1,"3",32,"2","3",32,6,13,9,"Yes","12K+","Doctor","Very High","Better"
101088,"No",200,12,2308,25,1,34,7,2,"Technical Degree","Male","Married","Travel_Rarely","Sales","1","Sales Representative","3",0,"4",12,"4","3",11,10,5,7,"Yes","0-3K","College","High","Better"
101089,"No",200,24,4841,14,1,42,2,3,"Medical","Male","Married","Travel_Rarely","Research & Development","1","Laboratory Technician","2",4,"3",4,"3","3",1,0,0,0,"No","3K-5K","Bachelor","Medium","Better"
101090,"No",200,21,4285,17,0,37,13,3,"Medical","Male","Married","Travel_Rarely","Research & Development","2","Research Scientist","4",1,"3",10,"2","3",10,8,3,7,"No","3K-5K","Bachelor","Very High","Better"
101091,"No",200,49,9715,13,1,29,8,1,"Other","Female","Married","Travel_Rarely","Research & Development","2","Healthcare Representative","1",3,"3",9,"3","3",7,7,0,7,"No","8K-12K","Below College","Low","Better"
101092,"No",200,22,4320,13,0,33,25,3,"Life Sciences","Male","Single","Travel_Rarely","Research & Development","2","Manufacturing Director","2",1,"2",5,"2","3",5,3,0,2,"No","3K-5K","Bachelor","Medium","Better"
101093,"No",200,11,2132,20,1,45,28,3,"Technical Degree","Male","Married","Travel_Rarely","Research & Development","1","Research Scientist","4",4,"4",8,"3","3",5,4,0,3,"No","0-3K","Bachelor","Very High","Better"
101094,"No",200,51,10124,14,1,42,2,3,"Life Sciences","Male","Married","Travel_Frequently","Research & Development","3","Healthcare Representative","4",2,"3",24,"3","1",20,8,13,9,"Yes","8K-12K","Bachelor","Very High","Bad"
101095,"No",200,27,5473,12,0,40,9,2,"Medical","Male","Married","Travel_Rarely","Sales","2","Sales Executive","1",0,"3",9,"5","4",8,4,7,1,"No","5K-8K","College","Low","Best"
101096,"No",200,26,5207,12,1,33,28,4,"Life Sciences","Male","Married","Travel_Rarely","Research & Development","2","Laboratory Technician","3",1,"3",15,"3","3",15,14,5,7,"Yes","5K-8K","Masters","High","Better"
101097,"No",200,82,16437,21,0,40,6,2,"Medical","Male","Single","Travel_Rarely","Human Resources","4","Manager","4",1,"4",21,"2","3",21,7,7,7,"Yes","12K+","College","Very High","Better"
101098,"No",200,11,2296,14,3,24,21,2,"Technical Degree","Male","Divorced","Travel_Rarely","Research & Development","1","Laboratory Technician","1",0,"3",2,"3","3",1,1,0,0,"No","0-3K","College","Low","Better"
101099,"No",200,20,4069,18,0,40,8,2,"Life Sciences","Male","Divorced","Non-Travel","Research & Development","2","Healthcare Representative","4",3,"3",8,"2","3",2,2,2,2,"Yes","3K-5K","College","Very High","Better"
101100,"No",200,37,7441,12,3,45,1,4,"Technical Degree","Male","Divorced","Travel_Rarely","Research & Development","3","Healthcare Representative","2",1,"3",10,"4","3",10,8,7,7,"No","5K-8K","Masters","Medium","Better"
101101,"No",200,12,2430,23,2,35,28,4,"Life Sciences","Female","Married","Travel_Rarely","Sales","1","Sales Representative","3",0,"4",6,"5","3",5,3,4,2,"No","0-3K","Masters","High","Better"
101102,"No",200,29,5878,12,1,32,5,2,"Life Sciences","Female","Married","Travel_Rarely","Research & Development","2","Research Scientist","2",3,"3",12,"2","3",7,1,2,5,"No","5K-8K","College","Medium","Better"
101103,"No",200,13,2644,21,0,36,2,4,"Life Sciences","Male","Single","Travel_Rarely","Sales","1","Sales Representative","4",3,"4",7,"3","2",3,2,1,2,"Yes","0-3K","Masters","Very High","Good"
101104,"No",200,32,6439,14,1,48,16,4,"Life Sciences","Female","Divorced","Travel_Rarely","Sales","2","Sales Executive","3",8,"3",18,"2","3",8,7,7,7,"No","5K-8K","Masters","High","Better"
101105,"No",200,12,2451,18,2,29,9,3,"Life Sciences","Male","Married","Travel_Rarely","Research & Development","1","Research Scientist","3",6,"3",5,"2","2",1,0,0,0,"No","0-3K","Bachelor","High","Good"
101106,"No",200,32,6392,13,1,33,8,4,"Life Sciences","Male","Married","Travel_Rarely","Sales","2","Sales Executive","1",2,"3",8,"6","1",2,2,2,2,"No","5K-8K","Masters","Low","Bad"
101107,"Yes",200,49,9714,11,1,30,1,3,"Life Sciences","Male","Married","Travel_Rarely","Sales","2","Sales Executive","1",1,"1",10,"4","3",10,8,6,7,"No","8K-12K","Bachelor","Low","Better"
101108,"No",200,30,6077,11,0,38,10,4,"Human Resources","Male","Married","Travel_Frequently","Human Resources","2","Human Resources","3",3,"3",10,"2","3",6,3,1,2,"No","5K-8K","Masters","High","Better"
101109,"No",200,12,2450,19,0,35,1,3,"Medical","Male","Single","Travel_Rarely","Research & Development","1","Laboratory Technician","1",1,"3",3,"3","3",3,0,1,2,"No","0-3K","Bachelor","Low","Better"
101110,"No",200,46,9250,12,1,30,29,4,"Technical Degree","Male","Married","Travel_Rarely","Sales","3","Sales Executive","2",3,"3",9,"3","3",4,2,1,3,"No","8K-12K","Masters","Medium","Better"
101111,"Yes",200,10,2074,12,1,35,2,3,"Life Sciences","Female","Divorced","Travel_Rarely","Research & Development","1","Laboratory Technician","1",1,"3",1,"2","3",1,0,0,0,"Yes","0-3K","Bachelor","Low","Better"
101112,"Yes",200,51,10169,16,1,53,2,5,"Technical Degree","Female","Married","Travel_Rarely","Research & Development","3","Manufacturing Director","4",0,"3",34,"4","3",33,7,1,9,"No","8K-12K","Doctor","Very High","Better"
101113,"Yes",200,24,4855,11,2,38,2,3,"Medical","Male","Married","Travel_Rarely","Research & Development","2","Manufacturing Director","2",4,"3",7,"2","3",5,2,1,4,"No","3K-5K","Bachelor","Medium","Better"
101114,"No",200,20,4087,14,1,32,1,4,"Technical Degree","Male","Married","Non-Travel","Research & Development","2","Research Scientist","1",4,"3",9,"3","2",6,5,1,2,"No","3K-5K","Masters","Low","Good"
101115,"No",200,12,2367,12,1,48,15,4,"Other","Female","Married","Travel_Rarely","Research & Development","1","Research Scientist","1",8,"1",10,"3","2",8,2,7,6,"No","0-3K","Masters","Low","Good"
101116,"No",200,15,2972,13,0,34,7,4,"Medical","Male","Single","Travel_Rarely","Research & Development","1","Research Scientist","4",1,"3",1,"4","1",1,0,0,0,"No","0-3K","Masters","Very High","Bad"
101117,"No",200,98,19586,21,1,55,26,5,"Marketing","Male","Married","Travel_Rarely","Sales","5","Manager","4",1,"4",36,"3","3",36,6,2,13,"No","12K+","Doctor","Very High","Better"
101118,"No",200,27,5484,17,1,34,1,4,"Life Sciences","Male","Married","Travel_Rarely","Research & Development","2","Research Scientist","4",9,"3",9,"3","2",2,2,2,1,"No","5K-8K","Masters","Very High","Good"
101119,"No",200,10,2061,21,0,26,3,3,"Life Sciences","Female","Married","Travel_Rarely","Research & Development","1","Research Scientist","4",1,"4",1,"5","3",1,0,0,0,"No","0-3K","Bachelor","Very High","Better"
101120,"No",200,50,9924,11,1,38,14,3,"Life Sciences","Male","Married","Travel_Rarely","Sales","2","Sales Executive","2",0,"3",10,"3","3",9,8,7,7,"No","8K-12K","Bachelor","Medium","Better"
101121,"No",200,21,4198,12,0,38,16,3,"Life Sciences","Female","Single","Travel_Rarely","Sales","2","Sales Executive","2",2,"3",8,"5","4",3,2,1,2,"No","3K-5K","Bachelor","Medium","Best"
101122,"No",200,34,6815,13,0,36,1,4,"Life Sciences","Female","Single","Travel_Rarely","Sales","2","Sales Executive","3",6,"3",15,"5","3",1,0,0,0,"No","5K-8K","Masters","High","Better"
101123,"No",200,24,4723,18,0,29,3,1,"Medical","Male","Single","Travel_Rarely","Research & Development","1","Laboratory Technician","1",1,"3",10,"3","3",10,9,1,5,"Yes","3K-5K","Below College","Low","Better"
101124,"No",200,31,6142,16,0,35,10,4,"Medical","Female","Single","Travel_Rarely","Research & Development","2","Healthcare Representative","3",3,"3",10,"4","3",5,2,0,4,"Yes","5K-8K","Masters","High","Better"
101125,"No",200,41,8237,11,1,39,6,3,"Medical","Male","Married","Travel_Rarely","Sales","3","Sales Executive","3",2,"3",11,"3","3",7,6,7,6,"No","8K-12K","Bachelor","High","Better"
101126,"No",200,44,8853,19,1,29,2,1,"Life Sciences","Male","Divorced","Travel_Frequently","Research & Development","2","Healthcare Representative","4",1,"3",6,"0","4",6,4,1,3,"No","8K-12K","Below College","Very High","Best"
101127,"No",200,97,19331,16,1,50,9,3,"Marketing","Male","Married","Travel_Rarely","Sales","5","Manager","3",4,"3",27,"2","3",1,0,0,0,"Yes","12K+","Bachelor","High","Better"
101128,"No",200,10,2073,16,1,23,10,3,"Technical Degree","Male","Married","Travel_Rarely","Research & Development","1","Research Scientist","3",2,"3",4,"2","3",2,2,2,2,"No","0-3K","Bachelor","High","Better"
101129,"No",200,28,5562,13,1,36,6,4,"Life Sciences","Male","Married","Travel_Frequently","Research & Development","2","Laboratory Technician","1",3,"3",9,"3","3",3,2,0,2,"Yes","5K-8K","Masters","Low","Better"
101130,"No",200,98,19613,22,0,42,9,2,"Other","Male","Single","Travel_Rarely","Research & Development","5","Manager","4",8,"4",24,"2","3",1,0,0,1,"No","12K+","College","Very High","Better"
101131,"No",200,17,3407,17,2,35,28,3,"Life Sciences","Male","Married","Travel_Rarely","Research & Development","2","Laboratory Technician","3",1,"3",10,"3","2",10,9,6,8,"No","3K-5K","Bachelor","High","Good"
101132,"No",200,25,5063,14,1,34,10,4,"Technical Degree","Male","Married","Travel_Frequently","Research & Development","2","Healthcare Representative","3",1,"3",8,"3","2",8,2,7,7,"No","5K-8K","Masters","High","Good"
101133,"No",200,23,4639,15,1,40,14,2,"Life Sciences","Female","Married","Travel_Rarely","Sales","2","Sales Executive","1",1,"3",5,"2","3",5,4,1,2,"No","3K-5K","College","Low","Better"
101134,"No",200,24,4876,12,1,43,27,3,"Technical Degree","Male","Divorced","Travel_Rarely","Research & Development","1","Laboratory Technician","2",5,"3",8,"0","3",6,4,0,2,"No","3K-5K","Bachelor","Medium","Better"
101135,"No",200,13,2690,18,1,35,7,2,"Life Sciences","Male","Married","Travel_Rarely","Research & Development","1","Laboratory Technician","4",1,"3",1,"5","2",1,0,0,1,"No","0-3K","College","Very High","Good"
101136,"No",200,88,17567,15,0,46,1,4,"Life Sciences","Male","Single","Travel_Rarely","Sales","4","Manager","1",1,"3",27,"5","1",26,0,0,12,"No","12K+","Masters","Low","Bad"
101137,"Yes",200,12,2408,17,3,28,24,3,"Medical","Male","Married","Travel_Rarely","Research & Development","1","Laboratory Technician","2",1,"3",1,"3","3",1,1,0,0,"Yes","0-3K","Bachelor","Medium","Better"
101138,"No",200,14,2814,14,0,22,26,2,"Other","Female","Married","Non-Travel","Research & Development","1","Research Scientist","3",1,"3",4,"2","2",4,2,1,3,"Yes","0-3K","College","High","Good"
101139,"No",200,56,11245,15,1,50,20,5,"Medical","Male","Married","Travel_Frequently","Research & Development","4","Healthcare Representative","3",2,"3",32,"3","3",30,8,12,13,"Yes","8K-12K","Doctor","High","Better"
101140,"No",200,17,3312,17,2,32,5,4,"Other","Female","Married","Travel_Rarely","Research & Development","1","Research Scientist","4",3,"3",6,"3","3",3,2,0,2,"No","3K-5K","Masters","Very High","Better"
101141,"No",200,95,19049,14,1,44,7,3,"Medical","Female","Divorced","Travel_Rarely","Research & Development","5","Research Director","4",0,"3",23,"4","2",22,7,1,10,"Yes","12K+","Bachelor","Very High","Good"
101142,"No",200,11,2141,12,1,30,7,3,"Medical","Male","Married","Travel_Rarely","Research & Development","1","Research Scientist","2",1,"3",6,"3","2",6,4,1,1,"No","0-3K","Bachelor","Medium","Good"
101143,"No",200,29,5769,14,0,45,5,5,"Medical","Female","Single","Travel_Rarely","Research & Development","2","Laboratory Technician","1",1,"2",10,"3","3",10,7,1,4,"Yes","5K-8K","Doctor","Low","Better"
101144,"No",200,22,4385,15,1,45,26,3,"Marketing","Male","Married","Non-Travel","Sales","2","Sales Executive","1",1,"3",10,"2","3",10,7,4,5,"No","3K-5K","Bachelor","Low","Better"
101145,"No",200,27,5332,13,0,31,2,4,"Other","Male","Single","Travel_Frequently","Sales","2","Sales Executive","1",7,"1",10,"3","3",5,2,0,3,"No","5K-8K","Masters","Low","Better"
101146,"No",200,23,4663,12,2,36,12,4,"Life Sciences","Female","Married","Travel_Rarely","Research & Development","2","Manufacturing Director","3",9,"3",7,"2","3",3,2,1,1,"Yes","3K-5K","Masters","High","Better"
101147,"No",200,24,4724,13,1,34,10,4,"Life Sciences","Male","Divorced","Travel_Frequently","Research & Development","2","Manufacturing Director","4",1,"3",9,"3","3",9,7,7,2,"No","3K-5K","Masters","Very High","Better"
101148,"No",200,16,3211,14,1,49,25,4,"Life Sciences","Female","Married","Travel_Rarely","Research & Development","1","Laboratory Technician","1",1,"3",10,"3","2",9,6,1,4,"No","3K-5K","Masters","Low","Good"
101149,"No",200,27,5377,13,3,39,10,5,"Medical","Male","Married","Travel_Rarely","Research & Development","2","Manufacturing Director","1",2,"3",10,"3","3",7,7,7,7,"No","5K-8K","Doctor","Low","Better"
101150,"No",200,20,4066,11,2,27,19,3,"Other","Male","Divorced","Travel_Rarely","Research & Development","1","Laboratory Technician","1",1,"3",7,"3","3",7,7,0,7,"No","3K-5K","Bachelor","Low","Better"
101151,"No",200,26,5208,11,0,35,18,5,"Life Sciences","Male","Married","Travel_Rarely","Research & Development","2","Research Scientist","1",1,"1",16,"2","3",16,15,1,10,"No","5K-8K","Doctor","Low","Better"
101152,"No",200,24,4877,21,1,28,27,3,"Medical","Female","Divorced","Travel_Rarely","Research & Development","2","Manufacturing Director","1",0,"4",6,"5","2",5,3,0,0,"No","3K-5K","Bachelor","Low","Good"
101153,"No",200,16,3117,18,0,21,5,1,"Medical","Male","Single","Travel_Rarely","Research & Development","1","Research Scientist","4",1,"3",3,"2","3",2,2,2,2,"No","3K-5K","Below College","Very High","Better"
101154,"Yes",200,8,1569,12,0,18,3,2,"Medical","Female","Single","Travel_Frequently","Sales","1","Sales Representative","4",1,"3",0,"2","4",0,0,0,0,"Yes","0-3K","College","Very High","Best"
101155,"No",200,98,19658,11,1,47,26,4,"Life Sciences","Female","Married","Travel_Rarely","Human Resources","5","Manager","3",3,"3",27,"2","3",5,2,1,0,"No","12K+","Masters","High","Better"
101156,"No",200,15,3069,15,1,39,3,2,"Medical","Male","Divorced","Travel_Rarely","Research & Development","2","Laboratory Technician","3",0,"3",11,"3","3",10,8,0,7,"No","3K-5K","College","High","Better"
101157,"No",200,52,10435,13,2,40,15,3,"Life Sciences","Female","Married","Travel_Rarely","Research & Development","3","Manufacturing Director","3",1,"3",18,"2","3",18,15,14,12,"No","8K-12K","Bachelor","High","Better"
101158,"No",200,21,4148,12,1,35,8,4,"Life Sciences","Female","Married","Non-Travel","Research & Development","2","Healthcare Representative","3",1,"3",15,"5","3",14,11,2,9,"No","3K-5K","Masters","High","Better"
101159,"No",200,29,5768,17,3,37,19,3,"Life Sciences","Male","Married","Travel_Rarely","Research & Development","2","Manufacturing Director","3",3,"3",9,"2","2",4,3,0,2,"No","5K-8K","Bachelor","High","Good"
101160,"No",200,25,5042,13,0,39,4,3,"Medical","Female","Single","Travel_Frequently","Research & Development","2","Manufacturing Director","3",0,"3",10,"2","1",9,2,3,8,"No","5K-8K","Bachelor","High","Bad"
101161,"No",200,29,5770,19,2,45,2,2,"Other","Female","Divorced","Travel_Rarely","Research & Development","2","Manufacturing Director","4",1,"3",10,"3","3",10,7,3,9,"No","5K-8K","College","Very High","Better"
101162,"No",200,39,7756,19,1,38,2,2,"Medical","Female","Married","Travel_Rarely","Research & Development","3","Manufacturing Director","3",3,"3",10,"6","4",5,4,0,2,"Yes","5K-8K","College","High","Best"
101163,"Yes",200,52,10306,17,0,35,10,3,"Medical","Male","Married","Travel_Rarely","Sales","3","Sales Executive","1",9,"1",15,"3","3",13,12,6,0,"No","8K-12K","Bachelor","Low","Better"
101164,"No",200,20,3936,11,1,37,10,3,"Medical","Female","Married","Travel_Rarely","Research & Development","1","Research Scientist","2",1,"1",8,"2","1",8,4,7,7,"No","3K-5K","Bachelor","Medium","Bad"
101165,"No",200,40,7945,15,0,40,16,3,"Life Sciences","Female","Single","Travel_Rarely","Research & Development","3","Manufacturing Director","4",6,"3",18,"2","2",4,2,3,3,"Yes","5K-8K","Bachelor","Very High","Good"
101166,"No",200,29,5743,11,0,44,1,5,"Human Resources","Male","Married","Travel_Frequently","Human Resources","2","Human Resources","4",4,"3",14,"3","3",10,7,0,2,"Yes","5K-8K","Doctor","Very High","Better"
101167,"No",200,76,15202,25,1,48,4,5,"Medical","Male","Married","Travel_Frequently","Research & Development","4","Manager","4",2,"4",23,"3","3",2,2,2,2,"No","12K+","Doctor","Very High","Better"
101168,"Yes",200,27,5440,14,2,35,15,2,"Medical","Male","Divorced","Travel_Rarely","Sales","2","Sales Executive","4",6,"3",7,"2","2",2,2,2,2,"Yes","5K-8K","College","Very High","Good"
101169,"No",200,19,3760,13,0,24,2,1,"Technical Degree","Female","Single","Travel_Frequently","Research & Development","1","Research Scientist","4",1,"3",6,"2","3",6,3,1,3,"Yes","3K-5K","Below College","Very High","Better"
101170,"No",200,18,3517,17,0,27,8,3,"Medical","Female","Married","Travel_Rarely","Research & Development","1","Research Scientist","3",7,"3",5,"0","3",3,2,0,2,"No","3K-5K","Bachelor","High","Better"
101171,"No",200,13,2580,13,0,27,2,3,"Medical","Male","Single","Travel_Frequently","Research & Development","1","Research Scientist","4",2,"3",6,"0","2",4,2,1,2,"No","0-3K","Bachelor","Very High","Good"
101172,"Yes",200,11,2166,14,0,40,7,3,"Life Sciences","Male","Single","Travel_Rarely","Research & Development","1","Laboratory Technician","1",3,"2",10,"3","1",4,2,0,3,"Yes","0-3K","Bachelor","Low","Bad"
101173,"No",200,29,5869,11,0,29,10,3,"Medical","Male","Single","Travel_Rarely","Sales","2","Sales Executive","3",9,"3",8,"2","3",5,2,1,4,"No","5K-8K","Bachelor","High","Better"
101174,"No",200,40,8008,12,2,36,5,4,"Life Sciences","Female","Married","Travel_Rarely","Research & Development","3","Healthcare Representative","1",4,"3",9,"6","3",3,2,0,2,"No","8K-12K","Masters","Low","Better"
101175,"No",200,26,5206,17,2,25,2,1,"Life Sciences","Male","Divorced","Travel_Frequently","Research & Development","2","Manufacturing Director","3",1,"3",7,"6","3",7,7,0,7,"No","5K-8K","Below College","High","Better"
101176,"No",200,26,5295,21,0,39,12,3,"Medical","Male","Married","Travel_Rarely","Research & Development","2","Manufacturing Director","2",4,"4",7,"3","3",5,4,1,0,"No","5K-8K","Bachelor","Medium","Better"
101177,"No",200,82,16413,16,2,49,22,4,"Other","Female","Married","Travel_Rarely","Research & Development","4","Research Director","2",3,"3",27,"2","3",4,2,1,2,"No","12K+","Masters","Medium","Better"
101178,"No",200,66,13269,15,3,50,17,5,"Life Sciences","Female","Divorced","Travel_Rarely","Research & Development","3","Research Director","1",5,"3",19,"3","3",14,11,1,11,"No","12K+","Doctor","Low","Better"
101179,"No",200,14,2783,19,0,20,2,3,"Medical","Female","Single","Travel_Rarely","Sales","1","Sales Representative","3",1,"3",2,"3","3",2,2,2,2,"No","0-3K","Bachelor","High","Better"
101180,"No",200,27,5433,12,1,34,3,3,"Life Sciences","Female","Divorced","Travel_Rarely","Research & Development","2","Research Scientist","2",1,"3",11,"2","3",11,8,7,9,"No","5K-8K","Bachelor","Medium","Better"
101181,"No",200,10,2013,11,0,36,7,3,"Life Sciences","Male","Single","Travel_Rarely","Research & Development","1","Laboratory Technician","2",2,"3",15,"4","3",4,3,1,3,"No","0-3K","Bachelor","Medium","Better"
101182,"No",200,70,13966,19,1,49,6,1,"Life Sciences","Female","Married","Travel_Rarely","Research & Development","4","Healthcare Representative","3",2,"3",30,"3","3",15,11,2,12,"Yes","12K+","Below College","High","Better"
101183,"No",200,22,4374,15,0,36,1,4,"Medical","Female","Married","Non-Travel","Research & Development","2","Manufacturing Director","3",0,"3",4,"6","3",3,2,1,2,"No","3K-5K","Masters","High","Better"
101184,"No",200,34,6842,20,1,36,3,2,"Life Sciences","Male","Divorced","Travel_Rarely","Research & Development","2","Healthcare Representative","1",6,"4",13,"3","3",5,4,0,4,"No","5K-8K","College","Low","Better"
101185,"No",200,87,17426,25,1,54,22,5,"Medical","Female","Married","Travel_Rarely","Research & Development","4","Manager","3",3,"4",36,"6","3",10,8,4,7,"No","12K+","Doctor","High","Better"
101186,"No",200,88,17603,24,1,43,15,2,"Life Sciences","Male","Married","Travel_Rarely","Research & Development","4","Research Director","3",1,"4",14,"3","3",14,10,6,11,"No","12K+","College","High","Better"
101187,"Yes",200,23,4581,24,0,35,12,4,"Other","Male","Single","Travel_Frequently","Sales","2","Sales Executive","4",3,"4",13,"2","4",11,9,6,7,"Yes","3K-5K","Masters","Very High","Best"
101188,"No",200,24,4735,15,2,38,1,3,"Life Sciences","Male","Married","Travel_Frequently","Research & Development","2","Research Scientist","4",7,"3",19,"4","4",13,11,2,9,"No","3K-5K","Bachelor","Very High","Best"
101189,"No",200,21,4187,13,1,29,5,3,"Medical","Male","Divorced","Travel_Rarely","Sales","2","Sales Executive","2",1,"3",10,"3","2",10,0,0,9,"Yes","3K-5K","Bachelor","Medium","Good"
101190,"No",200,28,5505,14,2,33,2,4,"Medical","Male","Divorced","Travel_Rarely","Sales","2","Sales Executive","4",1,"3",6,"5","3",6,2,0,4,"No","5K-8K","Masters","Very High","Better"
101191,"No",200,27,5470,13,2,32,2,3,"Medical","Male","Divorced","Travel_Rarely","Research & Development","2","Research Scientist","2",0,"3",10,"4","2",9,5,1,6,"No","5K-8K","Bachelor","Medium","Good"
101192,"No",200,27,5476,11,2,31,5,4,"Life Sciences","Female","Married","Travel_Rarely","Sales","2","Sales Executive","4",1,"3",10,"2","3",10,0,0,2,"No","5K-8K","Masters","Very High","Better"
101193,"No",200,13,2587,16,1,49,16,3,"Medical","Female","Divorced","Travel_Rarely","Research & Development","1","Laboratory Technician","1",4,"3",17,"2","2",2,2,2,2,"Yes","0-3K","Bachelor","Low","Good"
101194,"No",200,12,2440,22,0,38,2,3,"Medical","Female","Single","Travel_Frequently","Research & Development","1","Laboratory Technician","2",1,"4",4,"3","3",4,3,3,3,"No","0-3K","Bachelor","Medium","Better"
101195,"No",200,80,15972,14,3,47,2,4,"Life Sciences","Female","Divorced","Travel_Rarely","Sales","4","Manager","2",6,"3",29,"2","3",3,2,1,2,"No","12K+","Masters","Medium","Better"
101196,"No",200,77,15379,14,0,49,1,3,"Life Sciences","Male","Single","Travel_Rarely","Research & Development","4","Manager","3",4,"3",23,"2","3",8,7,0,0,"No","12K+","Bachelor","High","Better"
101197,"No",200,35,7082,16,0,41,23,2,"Life Sciences","Male","Single","Travel_Rarely","Sales","3","Sales Executive","3",3,"3",21,"2","3",2,0,0,2,"Yes","5K-8K","College","High","Better"
101198,"No",200,14,2728,11,0,20,9,1,"Life Sciences","Male","Single","Travel_Rarely","Sales","1","Sales Representative","1",1,"1",2,"3","3",2,2,0,2,"No","0-3K","Below College","Low","Better"
101199,"No",200,27,5368,25,1,33,16,3,"Life Sciences","Female","Divorced","Non-Travel","Sales","2","Sales Executive","4",1,"4",7,"2","3",6,5,1,2,"Yes","5K-8K","Bachelor","Very High","Better"
101200,"No",200,27,5347,14,2,36,26,4,"Life Sciences","Male","Married","Travel_Rarely","Research & Development","2","Healthcare Representative","3",6,"3",10,"2","2",3,2,0,2,"No","5K-8K","Masters","High","Good"
101201,"No",200,16,3195,18,3,44,1,3,"Life Sciences","Female","Divorced","Travel_Rarely","Human Resources","1","Human Resources","4",4,"3",8,"2","3",2,2,2,2,"Yes","3K-5K","Bachelor","Very High","Better"
101202,"Yes",200,20,3989,11,0,23,8,1,"Medical","Male","Single","Travel_Rarely","Research & Development","1","Laboratory Technician","3",1,"3",5,"2","3",5,4,1,2,"Yes","3K-5K","Below College","High","Better"
101203,"No",200,17,3306,19,1,38,4,2,"Medical","Female","Married","Travel_Rarely","Research & Development","1","Laboratory Technician","3",7,"3",7,"5","2",0,0,0,0,"No","3K-5K","College","High","Good"
101204,"No",200,35,7005,15,0,53,24,4,"Medical","Male","Married","Travel_Rarely","Research & Development","3","Healthcare Representative","4",3,"3",11,"2","3",4,3,1,2,"No","5K-8K","Masters","Very High","Better"
101205,"Yes",200,13,2655,11,2,48,7,2,"Medical","Female","Married","Travel_Frequently","Sales","1","Sales Representative","3",2,"3",19,"3","3",9,7,7,7,"Yes","0-3K","College","High","Better"
101206,"Yes",200,7,1393,12,0,32,2,4,"Life Sciences","Male","Single","Travel_Rarely","Research & Development","1","Laboratory Technician","2",1,"2",1,"2","3",1,0,0,0,"No","0-3K","Masters","Medium","Better"
101207,"No",200,13,2570,20,0,26,7,3,"Medical","Male","Single","Non-Travel","Research & Development","1","Laboratory Technician","4",1,"4",7,"5","3",7,7,5,7,"No","0-3K","Bachelor","Very High","Better"
101208,"No",200,18,3537,12,1,55,22,3,"Technical Degree","Male","Divorced","Travel_Rarely","Research & Development","1","Research Scientist","2",5,"3",8,"1","3",4,2,1,2,"No","3K-5K","Bachelor","Medium","Better"
101209,"No",200,20,3986,14,1,34,5,2,"Medical","Male","Married","Travel_Rarely","Research & Development","2","Laboratory Technician","4",1,"3",15,"3","4",15,10,4,13,"No","3K-5K","College","Very High","Best"
101210,"No",200,54,10883,20,1,60,1,4,"Medical","Male","Divorced","Travel_Rarely","Research & Development","3","Healthcare Representative","4",3,"4",19,"2","4",1,0,0,0,"No","8K-12K","Masters","Very High","Best"
101211,"No",200,10,2028,18,3,33,21,3,"Medical","Male","Married","Travel_Rarely","Research & Development","1","Laboratory Technician","2",1,"3",14,"6","3",14,11,2,13,"No","0-3K","Bachelor","Medium","Better"
101212,"No",200,48,9525,14,2,37,1,4,"Medical","Male","Divorced","Travel_Frequently","Sales","2","Sales Executive","4",1,"3",6,"2","2",6,3,1,3,"No","8K-12K","Masters","Very High","Good"
101213,"No",200,15,2929,12,0,34,19,3,"Life Sciences","Female","Married","Travel_Rarely","Research & Development","1","Research Scientist","4",1,"3",10,"3","3",10,9,8,7,"No","0-3K","Bachelor","Very High","Better"
101214,"Yes",200,11,2275,21,1,23,7,3,"Life Sciences","Male","Divorced","Travel_Rarely","Sales","1","Sales Representative","4",1,"4",3,"2","3",3,2,0,2,"Yes","0-3K","Bachelor","Very High","Better"
101215,"No",200,39,7879,19,1,44,2,3,"Life Sciences","Female","Married","Travel_Rarely","Research & Development","3","Healthcare Representative","4",1,"3",9,"2","3",8,7,6,7,"Yes","5K-8K","Bachelor","Very High","Better"
101216,"No",200,25,4930,14,0,35,2,4,"Medical","Male","Single","Travel_Frequently","Research & Development","1","Research Scientist","4",0,"3",6,"2","4",5,4,1,4,"Yes","3K-5K","Masters","Very High","Best"
101217,"No",200,39,7847,17,1,43,2,3,"Medical","Male","Married","Travel_Rarely","Sales","2","Sales Executive","4",1,"3",10,"3","3",10,9,8,8,"Yes","5K-8K","Bachelor","Very High","Better"
101218,"No",200,22,4401,16,1,24,9,3,"Medical","Male","Married","Travel_Rarely","Research & Development","1","Research Scientist","3",1,"3",5,"1","3",5,3,0,4,"No","3K-5K","Bachelor","High","Better"
101219,"No",200,46,9241,12,0,41,6,3,"Marketing","Male","Single","Travel_Rarely","Sales","3","Sales Executive","3",1,"3",10,"3","3",10,8,8,7,"No","8K-12K","Bachelor","High","Better"
101220,"No",200,15,2974,17,1,29,9,4,"Medical","Female","Married","Travel_Rarely","Research & Development","1","Laboratory Technician","3",9,"3",9,"2","3",5,3,1,2,"No","0-3K","Masters","High","Better"
101221,"No",200,23,4502,15,0,36,2,4,"Life Sciences","Female","Single","Travel_Rarely","Sales","2","Sales Representative","4",3,"3",17,"2","2",13,7,6,7,"No","3K-5K","Masters","Very High","Good"
101222,"No",200,54,10748,23,1,45,1,1,"Life Sciences","Male","Married","Non-Travel","Research & Development","3","Healthcare Representative","3",3,"4",25,"3","2",23,15,14,4,"No","8K-12K","Below College","High","Good"
101223,"Yes",200,8,1555,11,1,24,22,1,"Human Resources","Male","Married","Travel_Rarely","Human Resources","1","Human Resources","3",1,"3",1,"2","3",1,0,0,0,"No","0-3K","Below College","High","Better"
101224,"Yes",200,65,12936,11,0,47,9,3,"Life Sciences","Male","Married","Travel_Frequently","Sales","4","Sales Executive","3",7,"3",25,"3","1",23,5,14,10,"No","12K+","Bachelor","High","Bad"
101225,"No",200,12,2305,15,3,26,17,4,"Medical","Male","Married","Travel_Rarely","Research & Development","1","Laboratory Technician","3",1,"3",3,"3","4",3,2,0,2,"No","0-3K","Masters","High","Best"
101226,"No",200,84,16704,11,0,45,28,2,"Technical Degree","Female","Single","Travel_Rarely","Research & Development","4","Research Director","2",1,"3",21,"2","3",21,6,8,6,"No","12K+","College","Medium","Better"
101227,"No",200,17,3433,13,1,32,10,3,"Life Sciences","Male","Married","Travel_Frequently","Research & Development","1","Research Scientist","3",6,"3",10,"3","2",5,2,1,3,"No","3K-5K","Bachelor","High","Good"
101228,"No",200,17,3477,14,1,31,2,4,"Life Sciences","Male","Married","Travel_Rarely","Research & Development","1","Laboratory Technician","3",1,"3",6,"2","4",5,2,0,3,"No","3K-5K","Masters","High","Best"
101229,"No",200,32,6430,19,1,41,4,3,"Human Resources","Male","Married","Non-Travel","Human Resources","2","Human Resources","2",6,"3",10,"4","3",3,2,1,2,"No","5K-8K","Bachelor","Medium","Better"
101230,"No",200,33,6516,16,1,40,8,2,"Life Sciences","Female","Married","Travel_Rarely","Research & Development","2","Manufacturing Director","1",2,"3",18,"3","3",1,0,0,0,"Yes","5K-8K","College","Low","Better"
101231,"No",200,20,3907,13,3,24,29,1,"Medical","Male","Divorced","Travel_Rarely","Research & Development","1","Laboratory Technician","1",1,"3",6,"2","4",6,2,1,2,"No","3K-5K","Below College","Low","Best"
101232,"No",200,28,5562,14,0,46,13,4,"Life Sciences","Male","Single","Travel_Rarely","Research & Development","2","Healthcare Representative","2",6,"2",19,"3","3",10,7,0,9,"No","5K-8K","Masters","Medium","Better"
101233,"No",200,34,6883,16,1,35,27,4,"Life Sciences","Male","Married","Travel_Rarely","Research & Development","2","Manufacturing Director","3",2,"3",17,"3","3",7,7,0,7,"No","5K-8K","Masters","High","Better"
101234,"No",200,14,2862,12,1,30,16,1,"Life Sciences","Male","Married","Travel_Rarely","Research & Development","1","Research Scientist","4",1,"3",10,"2","2",10,0,0,8,"No","0-3K","Below College","Very High","Good"
101235,"No",200,25,4978,11,1,47,2,4,"Marketing","Male","Married","Non-Travel","Sales","2","Sales Executive","2",7,"3",4,"3","1",1,0,0,0,"No","3K-5K","Masters","Medium","Bad"
101236,"No",200,52,10368,12,1,46,2,3,"Life Sciences","Male","Divorced","Travel_Rarely","Sales","3","Sales Executive","4",4,"3",13,"5","2",10,6,0,3,"Yes","8K-12K","Bachelor","Very High","Good"
101237,"Yes",200,31,6134,13,3,36,13,5,"Marketing","Male","Divorced","Travel_Rarely","Sales","2","Sales Executive","1",5,"3",16,"3","3",2,2,2,2,"Yes","5K-8K","Doctor","Low","Better"
101238,"Yes",200,34,6735,15,0,32,1,2,"Life Sciences","Male","Single","Travel_Rarely","Sales","2","Sales Executive","2",6,"2",10,"2","3",0,0,0,0,"No","5K-8K","College","Medium","Better"
101239,"No",200,16,3295,13,0,23,4,1,"Medical","Female","Single","Travel_Rarely","Research & Development","1","Laboratory Technician","2",1,"1",3,"3","1",3,2,1,2,"No","3K-5K","Below College","Medium","Bad"
101240,"No",200,26,5238,20,0,31,24,1,"Technical Degree","Female","Single","Travel_Frequently","Research & Development","2","Manufacturing Director","4",2,"4",9,"3","2",5,4,1,4,"No","5K-8K","Below College","Very High","Good"
101241,"No",200,32,6472,15,1,39,1,3,"Life Sciences","Male","Married","Non-Travel","Research & Development","2","Laboratory Technician","4",1,"3",9,"2","3",9,8,5,8,"Yes","5K-8K","Bachelor","Very High","Better"
101242,"No",200,48,9610,13,1,32,19,3,"Life Sciences","Male","Married","Travel_Rarely","Sales","3","Sales Executive","3",3,"3",10,"2","1",4,3,0,2,"No","8K-12K","Bachelor","High","Bad"
101243,"No",200,99,19833,14,0,40,7,4,"Medical","Male","Single","Travel_Rarely","Sales","5","Manager","2",1,"3",21,"3","2",21,8,12,8,"No","12K+","Masters","Medium","Good"
101244,"No",200,49,9756,21,2,45,4,3,"Life Sciences","Female","Married","Travel_Rarely","Human Resources","3","Human Resources","3",4,"4",9,"2","4",5,0,0,3,"No","8K-12K","Bachelor","High","Best"
101245,"No",200,25,4968,16,0,30,2,4,"Technical Degree","Female","Single","Travel_Frequently","Research & Development","1","Research Scientist","1",0,"3",10,"2","3",9,7,0,7,"No","3K-5K","Masters","Low","Better"
101246,"No",200,11,2145,14,1,24,10,3,"Medical","Male","Married","Travel_Frequently","Human Resources","1","Human Resources","4",0,"3",3,"2","3",2,2,2,1,"No","0-3K","Bachelor","Very High","Better"
101247,"Yes",200,11,2180,11,1,30,8,3,"Human Resources","Female","Divorced","Travel_Frequently","Human Resources","1","Human Resources","4",6,"3",6,"0","2",4,2,1,2,"No","0-3K","Bachelor","Very High","Good"
101248,"No",200,42,8346,19,1,31,5,3,"Technical Degree","Male","Married","Travel_Rarely","Sales","2","Sales Executive","3",1,"3",6,"3","3",5,2,0,2,"No","8K-12K","Bachelor","High","Better"
101249,"No",200,17,3445,11,0,27,8,3,"Medical","Female","Single","Travel_Rarely","Research & Development","1","Research Scientist","4",1,"3",6,"5","2",6,2,1,4,"No","3K-5K","Bachelor","Very High","Good"
101250,"Yes",200,14,2760,13,0,29,9,3,"Marketing","Female","Single","Travel_Rarely","Sales","1","Sales Representative","2",1,"1",2,"3","3",2,2,2,2,"No","0-3K","Bachelor","Medium","Better"
101251,"No",200,31,6294,12,0,29,1,3,"Life Sciences","Male","Single","Travel_Frequently","Research & Development","2","Healthcare Representative","3",8,"3",10,"5","4",3,2,0,2,"Yes","5K-8K","Bachelor","High","Best"
101252,"No",200,36,7140,11,1,30,15,2,"Marketing","Male","Divorced","Travel_Rarely","Sales","3","Sales Executive","1",2,"3",12,"2","3",7,7,1,7,"No","5K-8K","College","Low","Better"
101253,"No",200,15,2932,14,3,34,2,4,"Medical","Male","Married","Travel_Rarely","Research & Development","1","Research Scientist","4",0,"3",6,"3","3",5,0,1,2,"Yes","0-3K","Masters","Very High","Better"
101254,"No",200,26,5147,15,0,33,2,3,"Marketing","Female","Single","Non-Travel","Sales","2","Sales Executive","2",8,"2",13,"2","2",11,7,1,7,"No","5K-8K","Bachelor","Medium","Good"
101255,"No",200,23,4507,12,0,49,11,4,"Marketing","Female","Single","Travel_Rarely","Sales","2","Sales Executive","4",3,"3",8,"1","4",5,1,0,4,"No","3K-5K","Masters","Very High","Best"
101256,"Yes",200,43,8564,20,0,33,16,3,"Life Sciences","Female","Single","Travel_Rarely","Sales","3","Sales Executive","1",2,"4",11,"2","2",0,0,0,0,"Yes","8K-12K","Bachelor","Low","Good"
101257,"No",200,12,2468,14,1,38,2,2,"Medical","Female","Married","Travel_Frequently","Research & Development","1","Laboratory Technician","2",4,"3",9,"4","2",6,1,0,5,"No","0-3K","College","Medium","Good"
101258,"Yes",200,41,8161,13,3,31,16,4,"Marketing","Male","Married","Travel_Rarely","Sales","3","Sales Executive","3",2,"3",10,"2","3",1,0,0,0,"No","8K-12K","Masters","High","Better"
101259,"No",200,11,2109,13,1,29,4,3,"Technical Degree","Female","Divorced","Travel_Rarely","Research & Development","1","Research Scientist","1",1,"3",1,"2","3",1,0,0,0,"No","0-3K","Bachelor","Low","Better"
101260,"No",200,26,5294,16,1,30,16,3,"Life Sciences","Male","Married","Travel_Rarely","Research & Development","2","Healthcare Representative","3",3,"3",10,"3","3",7,0,1,7,"No","5K-8K","Bachelor","High","Better"
101261,"No",200,14,2718,14,0,32,5,4,"Technical Degree","Male","Single","Non-Travel","Research & Development","1","Research Scientist","2",2,"2",12,"3","3",7,7,0,7,"No","0-3K","Masters","Medium","Better"
101262,"No",200,29,5811,16,1,38,18,3,"Medical","Male","Married","Travel_Rarely","Research & Development","2","Healthcare Representative","4",3,"3",15,"2","3",1,0,1,0,"Yes","5K-8K","Bachelor","Very High","Better"
101263,"Yes",200,12,2437,16,1,43,17,3,"Technical Degree","Male","Married","Travel_Frequently","Research & Development","1","Research Scientist","3",9,"3",6,"4","3",1,0,0,0,"Yes","0-3K","Bachelor","High","Better"
101264,"No",200,14,2766,22,3,42,12,3,"Medical","Male","Divorced","Travel_Rarely","Research & Development","1","Laboratory Technician","2",8,"4",7,"6","2",5,3,0,4,"No","0-3K","Bachelor","Medium","Good"
101265,"No",200,95,19038,12,3,55,2,3,"Medical","Male","Married","Travel_Rarely","Research & Development","5","Research Director","1",8,"3",34,"2","3",1,0,0,0,"No","12K+","Bachelor","Low","Better"
101266,"No",200,15,3055,15,2,33,4,3,"Technical Degree","Male","Divorced","Non-Travel","Research & Development","2","Research Scientist","2",5,"3",11,"2","2",9,8,1,7,"No","3K-5K","Bachelor","Medium","Good"
101267,"No",200,11,2289,20,2,41,9,4,"Life Sciences","Male","Divorced","Travel_Rarely","Research & Development","1","Laboratory Technician","1",1,"4",5,"2","3",5,3,0,4,"No","0-3K","Masters","Low","Better"
101268,"No",200,20,4001,14,1,34,10,3,"Life Sciences","Male","Divorced","Non-Travel","Sales","2","Sales Executive","3",1,"3",15,"3","3",15,14,0,7,"Yes","3K-5K","Bachelor","High","Better"
101269,"No",200,65,12965,20,3,53,1,4,"Medical","Female","Married","Non-Travel","Research & Development","4","Manufacturing Director","3",4,"4",27,"2","2",3,2,0,2,"Yes","12K+","Masters","High","Good"
101270,"No",200,18,3539,13,0,43,2,3,"Life Sciences","Male","Single","Travel_Rarely","Human Resources","1","Human Resources","4",0,"3",10,"5","3",9,7,1,8,"No","3K-5K","Bachelor","Very High","Better"
101271,"No",200,30,6029,12,0,34,3,2,"Life Sciences","Female","Single","Travel_Rarely","Sales","2","Sales Executive","4",5,"3",6,"3","3",2,2,2,2,"No","5K-8K","College","Very High","Better"
101272,"Yes",200,13,2679,13,0,21,7,1,"Marketing","Male","Single","Travel_Rarely","Sales","1","Sales Representative","2",1,"1",1,"3","3",1,0,1,0,"No","0-3K","Below College","Medium","Better"
101273,"No",200,19,3702,11,1,38,6,2,"Other","Female","Married","Travel_Rarely","Research & Development","1","Laboratory Technician","3",1,"3",5,"3","3",5,4,0,4,"No","3K-5K","College","High","Better"
101274,"Yes",200,12,2398,17,0,22,8,1,"Medical","Female","Married","Travel_Rarely","Research & Development","1","Laboratory Technician","1",1,"3",1,"6","3",1,0,0,0,"Yes","0-3K","Below College","Low","Better"
101275,"No",200,27,5468,14,2,31,29,4,"Marketing","Female","Married","Travel_Rarely","Sales","2","Sales Executive","4",1,"3",13,"3","3",12,7,5,7,"No","5K-8K","Masters","Very High","Better"
101276,"No",200,66,13116,11,0,51,3,3,"Technical Degree","Female","Married","Travel_Rarely","Research & Development","3","Manager","3",2,"3",15,"2","3",2,2,2,2,"No","12K+","Bachelor","High","Better"
101277,"No",200,21,4189,14,2,37,9,2,"Marketing","Male","Married","Travel_Rarely","Sales","2","Sales Executive","2",1,"3",5,"2","3",5,2,0,3,"No","3K-5K","College","Medium","Better"
101278,"No",200,97,19328,17,1,46,2,4,"Medical","Male","Divorced","Travel_Rarely","Research & Development","5","Research Director","4",7,"3",24,"3","3",2,1,2,2,"Yes","12K+","Masters","Very High","Better"
101279,"No",200,42,8321,13,1,36,10,3,"Life Sciences","Male","Married","Travel_Rarely","Research & Development","3","Healthcare Representative","1",7,"3",15,"1","3",12,8,5,7,"Yes","8K-12K","Bachelor","Low","Better"
101280,"Yes",200,12,2342,12,3,44,1,2,"Medical","Male","Divorced","Travel_Frequently","Research & Development","1","Research Scientist","2",1,"1",6,"2","2",5,3,2,3,"Yes","0-3K","College","Medium","Good"
101281,"No",200,20,4071,13,0,37,8,2,"Other","Male","Divorced","Travel_Rarely","Human Resources","2","Human Resources","2",2,"1",19,"4","2",10,0,4,7,"No","3K-5K","College","Medium","Good"
101282,"Yes",200,29,5813,18,0,35,27,3,"Life Sciences","Male","Single","Travel_Rarely","Sales","2","Sales Executive","4",1,"3",10,"2","3",10,7,7,7,"Yes","5K-8K","Bachelor","Very High","Better"
101283,"No",200,16,3143,19,1,33,8,4,"Life Sciences","Male","Married","Travel_Rarely","Research & Development","1","Research Scientist","1",6,"3",14,"1","3",10,8,7,6,"No","3K-5K","Masters","Low","Better"
101284,"No",200,10,2044,11,1,28,1,3,"Life Sciences","Male","Married","Travel_Rarely","Research & Development","1","Research Scientist","4",1,"3",5,"6","4",5,3,0,3,"No","0-3K","Bachelor","Very High","Best"
101285,"No",200,67,13464,21,0,39,10,1,"Medical","Male","Single","Travel_Rarely","Research & Development","3","Research Director","3",7,"4",9,"3","3",4,3,2,2,"No","12K+","Below College","High","Better"
101286,"No",200,40,7991,15,0,46,26,2,"Life Sciences","Male","Single","Non-Travel","Sales","2","Sales Executive","2",8,"2",6,"3","3",2,2,2,2,"No","5K-8K","College","Medium","Better"
101287,"No",200,17,3377,17,1,40,2,2,"Life Sciences","Female","Married","Travel_Rarely","Research & Development","1","Laboratory Technician","1",4,"3",7,"5","2",4,3,0,2,"No","3K-5K","College","Low","Good"
101288,"No",200,28,5538,18,2,42,13,3,"Medical","Male","Married","Travel_Rarely","Research & Development","2","Healthcare Representative","1",5,"3",10,"2","2",0,0,0,0,"No","5K-8K","Bachelor","Low","Good"
101289,"No",200,29,5762,14,1,35,2,2,"Medical","Male","Divorced","Non-Travel","Research & Development","2","Manufacturing Director","4",2,"3",15,"6","3",7,7,1,7,"No","5K-8K","College","Very High","Better"
101290,"No",200,13,2592,13,3,38,2,3,"Human Resources","Male","Divorced","Non-Travel","Human Resources","1","Human Resources","2",5,"3",13,"3","3",11,10,3,8,"No","0-3K","Bachelor","Medium","Better"
101291,"Yes",200,27,5346,17,1,34,9,4,"Life Sciences","Male","Married","Travel_Frequently","Research & Development","2","Laboratory Technician","1",4,"3",11,"3","2",7,1,0,7,"No","5K-8K","Masters","Low","Good"
101292,"Yes",200,21,4213,15,0,37,10,4,"Medical","Male","Single","Travel_Rarely","Research & Development","2","Manufacturing Director","1",1,"3",10,"4","1",10,3,0,8,"No","3K-5K","Masters","Low","Bad"
101293,"No",200,21,4127,18,1,39,20,3,"Life Sciences","Male","Divorced","Travel_Frequently","Sales","2","Sales Executive","4",2,"3",7,"6","3",2,1,2,2,"No","3K-5K","Bachelor","Very High","Better"
101294,"No",200,12,2438,13,0,43,9,3,"Life Sciences","Male","Single","Non-Travel","Research & Development","1","Research Scientist","3",4,"3",7,"2","2",3,2,1,2,"No","0-3K","Bachelor","High","Good"
101295,"No",200,34,6870,12,0,41,5,3,"Life Sciences","Male","Single","Travel_Rarely","Research & Development","2","Healthcare Representative","2",3,"1",11,"3","1",3,2,1,2,"No","5K-8K","Bachelor","Medium","Bad"
101296,"No",200,52,10447,13,1,41,4,1,"Marketing","Female","Divorced","Travel_Rarely","Sales","3","Sales Executive","3",0,"3",23,"3","4",22,14,13,5,"Yes","8K-12K","Below College","High","Best"
101297,"No",200,48,9667,14,0,30,10,3,"Medical","Female","Single","Travel_Rarely","Research & Development","3","Manufacturing Director","3",9,"3",9,"3","3",7,7,0,2,"No","8K-12K","Bachelor","High","Better"
101298,"Yes",200,11,2148,11,0,26,20,2,"Medical","Female","Married","Travel_Rarely","Human Resources","1","Human Resources","2",0,"1",6,"3","3",5,1,1,4,"Yes","0-3K","College","Medium","Better"
101299,"Yes",200,45,8926,22,1,46,21,2,"Medical","Female","Married","Travel_Rarely","Research & Development","2","Healthcare Representative","2",4,"2",13,"2","4",9,7,3,7,"No","8K-12K","College","Medium","Best"
101300,"No",200,33,6513,17,1,40,1,3,"Life Sciences","Female","Divorced","Travel_Rarely","Research & Development","2","Healthcare Representative","4",4,"3",12,"3","3",5,3,0,3,"No","5K-8K","Bachelor","Very High","Better"
101301,"No",200,34,6799,21,2,34,8,2,"Technical Degree","Male","Married","Travel_Rarely","Sales","2","Sales Executive","3",1,"4",10,"5","3",10,8,4,8,"No","5K-8K","College","High","Better"
101302,"No",200,81,16291,22,1,58,2,3,"Medical","Male","Divorced","Non-Travel","Sales","4","Manager","2",4,"2",37,"0","2",16,9,14,14,"No","12K+","Bachelor","Medium","Good"
101303,"No",200,14,2705,16,1,35,23,4,"Medical","Male","Married","Travel_Rarely","Research & Development","1","Laboratory Technician","3",0,"3",6,"2","4",5,4,0,3,"No","0-3K","Masters","High","Best"
101304,"No",200,52,10333,12,1,47,4,3,"Life Sciences","Female","Divorced","Travel_Rarely","Research & Development","3","Manufacturing Director","2",8,"3",28,"4","3",22,11,14,10,"Yes","8K-12K","Bachelor","Medium","Better"
101305,"No",200,22,4448,12,1,40,12,3,"Life Sciences","Female","Divorced","Travel_Rarely","Research & Development","2","Healthcare Representative","1",2,"3",15,"3","3",7,4,7,7,"No","3K-5K","Bachelor","Low","Better"
101306,"No",200,34,6854,15,1,54,7,4,"Medical","Female","Married","Travel_Rarely","Research & Development","2","Research Scientist","4",4,"3",14,"2","2",7,1,1,7,"No","5K-8K","Masters","Very High","Good"
101307,"No",200,48,9637,14,2,31,7,4,"Marketing","Female","Married","Travel_Frequently","Sales","3","Sales Executive","1",2,"3",9,"3","3",3,2,2,2,"No","8K-12K","Masters","Low","Better"
101308,"No",200,18,3591,25,1,28,1,3,"Medical","Female","Married","Travel_Rarely","Research & Development","1","Research Scientist","1",1,"4",3,"3","3",3,2,1,2,"No","3K-5K","Bachelor","Low","Better"
101309,"No",200,27,5405,20,2,38,2,4,"Marketing","Female","Married","Travel_Rarely","Sales","2","Sales Representative","4",2,"4",20,"4","2",4,2,0,3,"Yes","5K-8K","Masters","Very High","Good"
101310,"No",200,23,4684,13,0,26,10,3,"Medical","Male","Single","Travel_Rarely","Sales","2","Sales Executive","4",1,"3",5,"4","3",5,3,1,2,"No","3K-5K","Bachelor","Very High","Better"
101311,"No",200,79,15787,14,0,58,15,4,"Life Sciences","Male","Married","Travel_Frequently","Research & Development","4","Research Director","3",2,"3",23,"3","3",2,2,2,2,"Yes","12K+","Masters","High","Better"
101312,"No",200,8,1514,16,0,18,14,3,"Medical","Female","Single","Non-Travel","Research & Development","1","Research Scientist","3",1,"3",0,"4","1",0,0,0,0,"No","0-3K","Bachelor","High","Bad"
101313,"Yes",200,15,2956,17,0,31,18,5,"Human Resources","Male","Married","Travel_Rarely","Human Resources","1","Human Resources","1",0,"3",2,"4","3",1,0,0,0,"No","0-3K","Doctor","Low","Better"
101314,"Yes",200,12,2335,15,3,29,13,3,"Human Resources","Male","Divorced","Travel_Rarely","Human Resources","1","Human Resources","1",4,"1",4,"3","3",2,2,2,0,"Yes","0-3K","Bachelor","Low","Better"
101315,"No",200,26,5154,22,2,45,2,4,"Life Sciences","Female","Married","Non-Travel","Sales","2","Sales Executive","3",4,"4",10,"3","4",8,7,5,7,"No","5K-8K","Masters","High","Best"
101316,"No",200,35,6962,22,1,36,2,4,"Other","Female","Married","Travel_Rarely","Research & Development","2","Research Scientist","2",4,"4",15,"2","3",1,0,0,0,"Yes","5K-8K","Masters","Medium","Better"
101317,"No",200,28,5675,20,1,43,2,4,"Life Sciences","Male","Married","Travel_Frequently","Sales","2","Sales Executive","4",1,"4",7,"5","3",7,7,7,7,"No","5K-8K","Masters","Very High","Better"
101318,"No",200,12,2379,14,0,27,5,2,"Life Sciences","Female","Single","Travel_Frequently","Research & Development","1","Laboratory Technician","4",0,"3",6,"3","2",5,4,0,2,"Yes","0-3K","College","Very High","Good"
101319,"No",200,19,3812,13,0,29,20,1,"Medical","Male","Married","Travel_Frequently","Research & Development","1","Laboratory Technician","4",1,"3",11,"3","4",11,8,3,10,"No","3K-5K","Below College","Very High","Best"
101320,"No",200,23,4648,13,0,32,10,4,"Marketing","Male","Single","Travel_Frequently","Sales","2","Sales Executive","4",8,"3",4,"2","4",0,0,0,0,"No","3K-5K","Masters","Very High","Best"
101321,"No",200,15,2936,22,2,42,10,4,"Technical Degree","Male","Married","Non-Travel","Research & Development","1","Research Scientist","3",3,"4",10,"1","2",6,3,3,3,"No","0-3K","Masters","High","Good"
101322,"No",200,11,2105,12,0,47,9,4,"Life Sciences","Female","Single","Travel_Rarely","Research & Development","1","Laboratory Technician","3",4,"3",7,"2","3",2,2,2,0,"No","0-3K","Masters","High","Better"
101323,"No",200,43,8578,14,1,46,2,2,"Life Sciences","Male","Divorced","Travel_Rarely","Research & Development","3","Manufacturing Director","4",3,"3",12,"4","2",9,8,4,7,"No","8K-12K","College","Very High","Good"
101324,"No",200,14,2706,15,1,28,1,2,"Life Sciences","Male","Divorced","Non-Travel","Human Resources","1","Human Resources","4",1,"3",3,"2","3",3,2,2,2,"No","0-3K","College","Very High","Better"
101325,"No",200,32,6384,17,2,29,29,1,"Life Sciences","Male","Divorced","Travel_Rarely","Research & Development","2","Healthcare Representative","3",8,"3",11,"3","3",7,0,1,6,"No","5K-8K","Below College","High","Better"
101326,"No",200,20,3968,13,0,42,8,3,"Life Sciences","Male","Single","Travel_Rarely","Research & Development","1","Laboratory Technician","3",4,"3",8,"3","3",0,0,0,0,"No","3K-5K","Bachelor","High","Better"
101327,"Yes",200,50,9907,12,0,32,2,4,"Marketing","Male","Single","Travel_Rarely","Sales","2","Sales Executive","2",7,"1",7,"3","2",2,2,2,2,"Yes","8K-12K","Masters","Medium","Good"
101328,"No",200,66,13225,12,1,46,3,3,"Technical Degree","Female","Divorced","Travel_Rarely","Sales","4","Sales Executive","1",2,"3",25,"5","3",19,17,2,8,"No","12K+","Bachelor","Low","Better"
101329,"No",200,18,3540,21,1,27,23,1,"Medical","Female","Married","Travel_Rarely","Sales","2","Sales Representative","3",1,"4",9,"5","3",9,8,5,8,"No","3K-5K","Below College","High","Better"
101330,"No",200,14,2804,11,0,29,6,1,"Medical","Male","Married","Travel_Rarely","Human Resources","1","Human Resources","2",1,"1",1,"3","3",1,0,0,0,"No","0-3K","Below College","Medium","Better"
101331,"No",200,97,19392,13,0,43,6,3,"Medical","Female","Married","Travel_Rarely","Research & Development","5","Manager","3",7,"3",21,"2","3",16,12,6,14,"No","12K+","Bachelor","High","Better"
101332,"No",200,98,19665,12,0,48,10,3,"Life Sciences","Male","Married","Travel_Rarely","Research & Development","5","Research Director","2",4,"3",29,"3","3",22,10,12,9,"No","12K+","Bachelor","Medium","Better"
101333,"Yes",200,12,2439,24,0,29,24,2,"Life Sciences","Male","Single","Travel_Frequently","Research & Development","1","Research Scientist","4",1,"4",1,"3","2",1,0,1,0,"Yes","0-3K","College","Very High","Good"
101334,"Yes",200,37,7314,21,3,46,10,3,"Life Sciences","Female","Married","Travel_Rarely","Sales","3","Sales Executive","2",5,"4",14,"2","3",8,7,0,7,"No","5K-8K","Bachelor","Medium","Better"
101335,"No",200,24,4774,19,1,27,15,3,"Life Sciences","Female","Married","Travel_Frequently","Research & Development","1","Research Scientist","1",0,"2",8,"2","2",7,6,7,3,"No","3K-5K","Bachelor","Low","Good"
101336,"No",200,20,3902,14,3,39,19,4,"Other","Male","Divorced","Travel_Rarely","Research & Development","2","Research Scientist","4",8,"3",7,"2","3",2,2,2,2,"No","3K-5K","Masters","Very High","Better"
101337,"No",200,13,2662,20,1,55,2,4,"Technical Degree","Male","Married","Travel_Rarely","Research & Development","1","Research Scientist","4",8,"4",19,"2","4",5,2,0,4,"No","0-3K","Masters","Very High","Best"
101338,"No",200,14,2856,19,1,28,3,3,"Medical","Female","Married","Travel_Rarely","Sales","1","Sales Representative","2",1,"3",1,"3","3",1,0,0,0,"No","0-3K","Bachelor","Medium","Better"
101339,"Yes",200,5,1081,13,0,30,9,3,"Medical","Male","Single","Travel_Rarely","Sales","1","Sales Representative","4",1,"3",1,"3","2",1,0,0,0,"No","0-3K","Bachelor","Very High","Good"
101340,"Yes",200,12,2472,23,0,22,7,1,"Life Sciences","Male","Single","Travel_Rarely","Research & Development","1","Research Scientist","2",1,"4",1,"2","3",1,0,0,0,"Yes","0-3K","Below College","Medium","Better"
101341,"No",200,28,5673,13,1,36,10,4,"Technical Degree","Female","Married","Travel_Rarely","Sales","2","Sales Executive","3",1,"3",10,"4","3",10,9,1,7,"Yes","5K-8K","Masters","High","Better"
101342,"No",200,21,4197,11,1,31,20,3,"Life Sciences","Male","Divorced","Travel_Rarely","Research & Development","2","Laboratory Technician","3",1,"3",10,"2","3",10,8,0,2,"No","3K-5K","Bachelor","High","Better"
101343,"No",200,49,9713,13,3,34,4,3,"Life Sciences","Male","Married","Travel_Rarely","Sales","3","Sales Executive","4",2,"3",9,"3","3",5,3,1,0,"Yes","8K-12K","Bachelor","Very High","Better"
101344,"No",200,10,2062,14,0,29,7,3,"Life Sciences","Male","Single","Travel_Rarely","Research & Development","1","Laboratory Technician","1",3,"1",11,"2","3",3,2,1,2,"No","0-3K","Bachelor","Low","Better"
101345,"No",200,21,4284,22,1,37,7,4,"Medical","Male","Married","Travel_Rarely","Research & Development","2","Research Scientist","1",5,"4",16,"2","3",5,3,0,4,"Yes","3K-5K","Masters","Low","Better"
101346,"No",200,24,4788,11,0,35,16,2,"Other","Female","Married","Travel_Rarely","Research & Development","2","Manufacturing Director","2",0,"2",4,"2","3",3,2,0,2,"Yes","3K-5K","College","Medium","Better"
101347,"No",200,30,5906,13,2,45,25,2,"Life Sciences","Female","Married","Travel_Rarely","Research & Development","2","Manufacturing Director","4",0,"3",10,"2","2",9,8,3,8,"No","5K-8K","College","Very High","Good"
101348,"No",200,19,3886,21,0,36,2,1,"Human Resources","Male","Single","Travel_Frequently","Human Resources","2","Human Resources","4",1,"4",10,"2","2",10,1,0,8,"No","3K-5K","Below College","Very High","Good"
101349,"No",200,84,16823,11,1,40,1,4,"Life Sciences","Male","Divorced","Travel_Rarely","Research & Development","4","Manager","1",2,"3",22,"3","3",19,7,11,16,"No","12K+","Masters","Low","Better"
101350,"No",200,15,2933,13,1,26,1,2,"Life Sciences","Female","Married","Travel_Rarely","Research & Development","1","Research Scientist","3",1,"3",1,"3","2",1,0,1,0,"Yes","0-3K","College","High","Good"
101351,"No",200,33,6500,14,0,27,2,2,"Medical","Female","Single","Travel_Rarely","Sales","2","Sales Executive","3",0,"3",9,"5","2",8,7,0,7,"No","5K-8K","College","High","Good"
101352,"No",200,86,17174,11,1,48,22,3,"Medical","Female","Divorced","Travel_Frequently","Research & Development","4","Manager","4",3,"3",24,"3","3",22,17,4,7,"No","12K+","Bachelor","Very High","Better"
101353,"No",200,25,5033,15,1,44,1,4,"Life Sciences","Male","Married","Travel_Rarely","Research & Development","2","Healthcare Representative","1",2,"3",10,"5","3",2,0,2,2,"No","5K-8K","Masters","Low","Better"
101354,"Yes",200,12,2307,23,1,34,16,4,"Technical Degree","Male","Married","Non-Travel","Research & Development","1","Research Scientist","1",1,"2",5,"2","3",5,2,3,0,"Yes","0-3K","Masters","Low","Better"
101355,"Yes",200,13,2587,16,0,56,24,2,"Life Sciences","Male","Single","Travel_Rarely","Research & Development","1","Laboratory Technician","4",1,"3",5,"3","3",4,2,1,0,"No","0-3K","College","Very High","Better"
101356,"No",200,28,5507,16,2,36,17,2,"Marketing","Male","Married","Travel_Rarely","Sales","2","Sales Executive","2",2,"3",12,"1","1",4,2,1,3,"No","5K-8K","College","Medium","Bad"
101357,"No",200,22,4393,21,1,41,8,3,"Marketing","Female","Married","Travel_Rarely","Sales","2","Sales Executive","2",5,"4",14,"3","3",5,4,1,4,"No","3K-5K","Bachelor","Medium","Better"
101358,"No",200,67,13348,13,1,42,6,3,"Medical","Male","Married","Travel_Rarely","Research & Development","3","Research Director","1",9,"3",18,"3","4",13,7,5,7,"No","12K+","Bachelor","Low","Best"
101359,"No",200,33,6583,11,1,31,10,2,"Medical","Female","Divorced","Travel_Rarely","Sales","2","Sales Executive","4",2,"3",8,"2","3",5,2,1,4,"Yes","5K-8K","College","Very High","Better"
101360,"No",200,41,8103,12,0,34,3,1,"Medical","Female","Married","Travel_Rarely","Sales","2","Sales Executive","4",3,"3",9,"3","2",4,2,0,1,"Yes","8K-12K","Below College","Very High","Good"
101361,"No",200,20,3978,12,1,31,4,3,"Medical","Female","Divorced","Travel_Rarely","Research & Development","1","Laboratory Technician","3",8,"3",4,"0","2",2,2,2,2,"No","3K-5K","Bachelor","High","Good"
101362,"No",200,13,2544,18,1,26,6,3,"Other","Male","Married","Travel_Frequently","Research & Development","1","Laboratory Technician","4",0,"3",8,"3","3",7,7,7,7,"No","0-3K","Bachelor","Very High","Better"
101363,"No",200,27,5399,12,0,45,1,4,"Medical","Male","Single","Travel_Frequently","Research & Development","2","Healthcare Representative","3",4,"3",12,"3","3",4,2,0,3,"No","5K-8K","Masters","High","Better"
101364,"No",200,27,5487,14,0,33,10,4,"Marketing","Male","Single","Travel_Rarely","Sales","2","Sales Executive","3",1,"3",10,"2","2",10,4,0,9,"No","5K-8K","Masters","High","Good"
101365,"No",200,34,6834,12,1,28,1,2,"Life Sciences","Male","Married","Travel_Frequently","Sales","2","Sales Executive","4",1,"3",7,"2","3",7,7,0,7,"Yes","5K-8K","College","Very High","Better"
101366,"Yes",200,5,1091,17,0,29,24,3,"Technical Degree","Male","Single","Travel_Frequently","Sales","1","Sales Representative","1",1,"3",1,"3","3",1,0,0,0,"No","0-3K","Bachelor","Low","Better"
101367,"No",200,29,5736,19,1,39,21,4,"Life Sciences","Female","Married","Non-Travel","Sales","2","Sales Executive","3",6,"3",10,"1","3",3,2,1,2,"No","5K-8K","Masters","High","Better"
101368,"No",200,11,2226,11,1,27,2,4,"Technical Degree","Male","Married","Travel_Rarely","Research & Development","1","Research Scientist","2",1,"3",6,"3","2",5,3,1,2,"No","0-3K","Masters","Medium","Good"
101369,"No",200,29,5747,15,0,34,22,4,"Other","Male","Married","Travel_Frequently","Research & Development","2","Research Scientist","4",1,"3",16,"3","3",15,10,6,11,"Yes","5K-8K","Masters","Very High","Better"
101370,"Yes",200,49,9854,11,0,28,13,2,"Marketing","Female","Single","Travel_Rarely","Sales","2","Sales Executive","3",3,"3",6,"0","3",2,0,2,2,"Yes","8K-12K","College","High","Better"
101371,"No",200,27,5467,18,1,47,14,4,"Technical Degree","Male","Married","Non-Travel","Research & Development","2","Research Scientist","2",8,"3",16,"4","4",8,7,1,7,"No","5K-8K","Masters","Medium","Best"
101372,"No",200,27,5380,16,1,56,11,5,"Marketing","Female","Married","Travel_Rarely","Sales","2","Sales Executive","1",4,"3",6,"3","3",0,0,0,0,"No","5K-8K","Doctor","Low","Better"
101373,"No",200,26,5151,25,1,39,9,2,"Medical","Male","Married","Travel_Rarely","Research & Development","2","Manufacturing Director","1",1,"4",10,"3","3",10,0,7,9,"No","5K-8K","College","Low","Better"
101374,"No",200,11,2133,16,1,38,8,3,"Medical","Female","Divorced","Travel_Frequently","Research & Development","2","Research Scientist","2",1,"3",20,"3","3",20,11,0,7,"Yes","0-3K","Bachelor","Medium","Better"
101375,"No",200,89,17875,13,1,58,21,3,"Life Sciences","Female","Married","Travel_Rarely","Sales","4","Manager","4",4,"3",29,"2","2",1,0,0,0,"Yes","12K+","Bachelor","Very High","Good"
101376,"Yes",200,12,2432,14,0,32,5,2,"Life Sciences","Female","Single","Travel_Frequently","Research & Development","1","Research Scientist","3",3,"3",8,"2","3",4,1,0,3,"Yes","0-3K","College","High","Better"
101377,"No",200,24,4771,19,2,38,9,2,"Life Sciences","Male","Divorced","Travel_Rarely","Research & Development","1","Research Scientist","4",2,"3",10,"0","4",5,2,0,3,"No","3K-5K","College","Very High","Best"
101378,"No",200,96,19161,15,0,49,2,1,"Life Sciences","Male","Married","Travel_Frequently","Research & Development","5","Research Director","4",3,"3",28,"3","3",5,4,4,3,"No","12K+","Below College","Very High","Better"
101379,"No",200,25,5087,12,2,42,12,4,"Marketing","Male","Divorced","Travel_Rarely","Sales","2","Sales Executive","4",3,"3",14,"4","3",0,0,0,0,"Yes","5K-8K","Masters","Very High","Better"
101380,"Yes",200,14,2863,12,0,27,22,3,"Human Resources","Female","Married","Travel_Frequently","Human Resources","1","Human Resources","2",1,"1",1,"2","3",1,0,0,0,"No","0-3K","Bachelor","Medium","Better"
101381,"No",200,28,5561,16,1,35,18,4,"Medical","Male","Married","Travel_Rarely","Sales","2","Sales Executive","1",0,"3",6,"2","1",5,3,0,4,"No","5K-8K","Masters","Low","Bad"
101382,"No",200,11,2144,14,0,28,16,3,"Medical","Male","Single","Non-Travel","Research & Development","1","Research Scientist","3",1,"3",5,"3","2",5,3,1,4,"No","0-3K","Bachelor","High","Good"
101383,"No",200,15,3065,13,1,31,3,2,"Medical","Male","Divorced","Non-Travel","Research & Development","1","Research Scientist","1",1,"3",4,"3","4",4,2,2,3,"Yes","3K-5K","College","Low","Best"
101384,"No",200,14,2810,22,0,36,9,4,"Life Sciences","Male","Married","Non-Travel","Research & Development","1","Laboratory Technician","2",1,"4",5,"3","3",5,4,0,2,"No","0-3K","Masters","Medium","Better"
101385,"No",200,49,9888,21,0,34,1,3,"Marketing","Male","Single","Travel_Rarely","Sales","3","Sales Executive","4",1,"4",14,"3","2",14,8,2,1,"No","8K-12K","Bachelor","Very High","Good"
101386,"No",200,43,8628,18,1,34,13,4,"Medical","Male","Divorced","Travel_Rarely","Sales","3","Sales Executive","3",1,"3",9,"2","2",8,7,1,1,"No","8K-12K","Masters","High","Good"
101387,"No",200,14,2867,13,0,26,1,3,"Medical","Male","Single","Travel_Rarely","Research & Development","1","Laboratory Technician","1",0,"2",8,"6","2",7,7,7,6,"No","0-3K","Bachelor","Low","Good"
101388,"No",200,27,5373,12,1,29,1,3,"Life Sciences","Male","Married","Travel_Rarely","Research & Development","2","Healthcare Representative","1",0,"3",6,"5","2",5,3,0,2,"No","5K-8K","Bachelor","Low","Good"
101389,"No",200,33,6667,18,1,32,15,4,"Medical","Female","Divorced","Non-Travel","Research & Development","2","Healthcare Representative","4",5,"3",9,"6","3",5,1,1,2,"No","5K-8K","Masters","Very High","Better"
101390,"No",200,25,5003,21,0,31,1,3,"Life Sciences","Male","Married","Travel_Frequently","Research & Development","2","Research Scientist","1",1,"4",10,"6","3",10,8,8,7,"No","5K-8K","Bachelor","Low","Better"
101391,"Yes",200,12,2367,12,1,28,17,3,"Technical Degree","Male","Divorced","Travel_Rarely","Research & Development","1","Laboratory Technician","4",5,"3",6,"2","2",4,1,0,3,"No","0-3K","Bachelor","Very High","Good"
101392,"No",200,14,2858,14,0,38,1,3,"Life Sciences","Male","Single","Travel_Rarely","Sales","1","Sales Representative","1",4,"2",20,"3","2",1,0,0,0,"No","0-3K","Bachelor","Low","Good"
101393,"No",200,26,5204,11,0,35,7,4,"Life Sciences","Female","Married","Travel_Rarely","Sales","2","Sales Executive","4",1,"3",10,"2","3",10,8,0,9,"Yes","5K-8K","Masters","Very High","Better"
101394,"No",200,21,4105,14,0,27,9,3,"Marketing","Male","Single","Travel_Rarely","Sales","2","Sales Executive","4",1,"3",7,"5","3",7,7,0,7,"No","3K-5K","Bachelor","Very High","Better"
101395,"No",200,48,9679,24,0,32,5,4,"Life Sciences","Male","Single","Travel_Rarely","Research & Development","2","Manufacturing Director","4",8,"4",8,"1","3",1,0,0,0,"No","8K-12K","Masters","Very High","Better"
101396,"Yes",200,28,5617,11,0,31,26,4,"Marketing","Male","Married","Travel_Frequently","Sales","2","Sales Executive","4",1,"3",10,"4","3",10,7,0,8,"Yes","5K-8K","Masters","Very High","Better"
101397,"Yes",200,52,10448,13,0,53,24,4,"Life Sciences","Male","Single","Travel_Rarely","Sales","3","Sales Executive","1",6,"3",15,"2","2",2,2,2,2,"Yes","8K-12K","Masters","Low","Good"
101398,"No",200,14,2897,11,2,54,9,2,"Life Sciences","Female","Married","Travel_Rarely","Research & Development","2","Research Scientist","3",3,"3",9,"6","2",4,3,2,3,"No","0-3K","College","High","Good"
101399,"No",200,30,5968,20,3,33,7,2,"Life Sciences","Male","Divorced","Travel_Frequently","Research & Development","2","Healthcare Representative","3",1,"4",9,"2","3",9,7,2,8,"No","5K-8K","College","High","Better"
101400,"No",200,38,7510,17,1,43,11,3,"Life Sciences","Male","Married","Travel_Rarely","Research & Development","3","Healthcare Representative","3",1,"3",10,"1","3",10,9,0,9,"No","5K-8K","Bachelor","High","Better"
101401,"No",200,15,2991,11,1,38,1,4,"Other","Male","Married","Travel_Frequently","Human Resources","1","Human Resources","2",0,"3",7,"2","3",6,2,1,2,"Yes","0-3K","Masters","Medium","Better"
101402,"No",200,98,19636,18,1,55,26,4,"Human Resources","Male","Married","Travel_Rarely","Human Resources","5","Manager","2",4,"3",35,"0","3",10,9,1,4,"Yes","12K+","Masters","Medium","Better"
101403,"No",200,6,1129,11,3,31,2,1,"Medical","Female","Divorced","Travel_Rarely","Research & Development","1","Laboratory Technician","4",1,"3",1,"4","3",1,0,0,0,"Yes","0-3K","Below College","Very High","Better"
101404,"No",200,67,13341,12,0,39,15,4,"Marketing","Male","Single","Travel_Rarely","Sales","4","Sales Executive","1",0,"3",21,"3","3",20,8,11,10,"No","12K+","Masters","Low","Better"
101405,"No",200,22,4332,12,0,42,23,2,"Life Sciences","Male","Single","Non-Travel","Research & Development","2","Research Scientist","3",1,"3",20,"2","3",20,9,3,7,"No","3K-5K","College","High","Better"
101406,"No",200,55,11031,20,1,31,10,3,"Medical","Female","Married","Non-Travel","Research & Development","3","Research Director","3",4,"4",13,"2","4",11,7,4,8,"No","8K-12K","Bachelor","High","Best"
101407,"No",200,22,4440,19,0,54,10,3,"Medical","Female","Single","Travel_Rarely","Research & Development","2","Manufacturing Director","1",6,"3",9,"3","3",5,2,1,4,"Yes","3K-5K","Bachelor","Low","Better"
101408,"No",200,23,4617,12,0,24,1,2,"Life Sciences","Male","Single","Travel_Rarely","Research & Development","2","Healthcare Representative","3",1,"3",4,"2","2",4,3,1,2,"No","3K-5K","College","High","Good"
101409,"No",200,13,2647,13,0,23,12,2,"Other","Male","Single","Travel_Rarely","Research & Development","1","Laboratory Technician","4",1,"3",5,"6","4",5,2,1,4,"No","0-3K","College","Very High","Best"
101410,"No",200,32,6323,11,1,40,11,3,"Technical Degree","Female","Married","Travel_Frequently","Research & Development","2","Laboratory Technician","3",1,"3",10,"2","4",10,9,9,4,"No","5K-8K","Bachelor","High","Best"
101411,"No",200,28,5677,14,1,40,2,2,"Marketing","Female","Married","Travel_Rarely","Sales","2","Sales Executive","2",3,"3",15,"4","3",11,8,5,10,"No","5K-8K","College","Medium","Better"
101412,"No",200,11,2187,14,0,25,2,3,"Human Resources","Female","Married","Travel_Rarely","Human Resources","1","Human Resources","2",4,"2",6,"3","3",2,0,1,2,"No","0-3K","Bachelor","Medium","Better"
101413,"No",200,19,3748,13,0,30,1,2,"Medical","Male","Married","Travel_Rarely","Research & Development","1","Laboratory Technician","2",1,"3",12,"6","2",12,8,1,7,"No","3K-5K","College","Medium","Good"
101414,"No",200,20,3977,19,1,25,2,1,"Other","Male","Divorced","Travel_Rarely","Research & Development","1","Laboratory Technician","3",6,"3",7,"2","2",2,2,0,2,"Yes","3K-5K","Below College","High","Good"
101415,"No",200,43,8633,23,0,47,25,3,"Medical","Male","Single","Travel_Rarely","Research & Development","3","Healthcare Representative","3",2,"4",25,"3","3",17,14,12,11,"No","8K-12K","Bachelor","High","Better"
101416,"No",200,10,2008,12,3,33,1,2,"Medical","Male","Divorced","Non-Travel","Research & Development","1","Laboratory Technician","3",1,"3",1,"2","2",1,1,0,0,"No","0-3K","College","High","Good"
101417,"No",200,22,4440,15,2,38,1,4,"Life Sciences","Male","Married","Travel_Rarely","Sales","2","Sales Executive","2",0,"3",16,"3","3",15,13,5,8,"No","3K-5K","Masters","Medium","Better"
101418,"No",200,15,3067,19,1,31,2,2,"Life Sciences","Male","Married","Travel_Rarely","Sales","1","Sales Representative","3",0,"3",3,"1","3",2,2,1,2,"No","3K-5K","College","High","Better"
101419,"No",200,27,5321,11,1,38,6,4,"Life Sciences","Male","Married","Travel_Frequently","Research & Development","2","Manufacturing Director","3",2,"3",10,"1","3",8,3,7,7,"No","5K-8K","Masters","High","Better"
101420,"No",200,27,5410,17,1,42,18,4,"Life Sciences","Male","Divorced","Travel_Rarely","Research & Development","2","Research Scientist","1",6,"3",9,"3","2",4,3,1,2,"Yes","5K-8K","Masters","Low","Good"
101421,"No",200,14,2782,22,1,41,1,3,"Life Sciences","Male","Married","Travel_Rarely","Research & Development","1","Research Scientist","4",3,"4",12,"3","3",5,3,1,0,"No","0-3K","Bachelor","Very High","Better"
101422,"No",200,60,11957,18,2,47,1,1,"Medical","Female","Married","Non-Travel","Research & Development","3","Research Director","2",0,"3",14,"3","1",13,8,5,12,"No","8K-12K","Below College","Medium","Bad"
101423,"No",200,13,2660,11,1,35,11,4,"Medical","Male","Married","Travel_Rarely","Research & Development","1","Laboratory Technician","3",7,"3",5,"3","3",2,2,2,2,"Yes","0-3K","Masters","High","Better"
101424,"No",200,17,3375,12,0,22,1,2,"Life Sciences","Male","Single","Travel_Rarely","Research & Development","1","Research Scientist","3",0,"3",4,"2","4",3,2,1,2,"No","3K-5K","College","High","Best"
101425,"No",200,25,5098,19,0,35,9,4,"Medical","Male","Single","Travel_Rarely","Research & Development","2","Research Scientist","3",1,"3",10,"5","3",10,7,0,8,"No","5K-8K","Masters","High","Better"
101426,"No",200,24,4878,13,1,33,15,2,"Medical","Female","Married","Travel_Rarely","Research & Development","2","Healthcare Representative","4",0,"3",10,"6","3",9,7,8,1,"Yes","3K-5K","College","Very High","Better"
101427,"No",200,14,2837,13,0,32,29,4,"Life Sciences","Female","Single","Travel_Rarely","Research & Development","1","Laboratory Technician","2",1,"1",6,"3","3",6,2,4,1,"No","0-3K","Masters","Medium","Better"
101428,"No",200,12,2406,19,2,40,1,4,"Life Sciences","Male","Married","Travel_Rarely","Research & Development","1","Laboratory Technician","4",8,"3",8,"3","2",1,0,0,0,"No","0-3K","Masters","Very High","Good"
101429,"No",200,11,2269,14,1,32,1,4,"Medical","Male","Married","Travel_Rarely","Sales","1","Sales Representative","2",0,"3",3,"2","3",2,2,2,2,"No","0-3K","Masters","Medium","Better"
101430,"No",200,21,4108,13,0,39,24,1,"Life Sciences","Male","Single","Travel_Rarely","Research & Development","2","Research Scientist","4",7,"3",18,"2","3",7,7,1,7,"No","3K-5K","Below College","Very High","Better"
101431,"No",200,66,13206,12,1,38,10,3,"Medical","Female","Married","Travel_Rarely","Research & Development","3","Research Director","3",3,"3",20,"3","3",18,16,1,11,"No","12K+","Bachelor","High","Better"
101432,"No",200,52,10422,19,2,32,1,4,"Marketing","Female","Married","Travel_Rarely","Sales","3","Sales Executive","4",1,"3",14,"3","3",14,10,5,7,"No","8K-12K","Masters","Very High","Better"
101433,"No",200,69,13744,25,1,37,10,3,"Life Sciences","Female","Married","Travel_Rarely","Research & Development","3","Research Director","4",1,"4",16,"2","3",16,11,6,8,"Yes","12K+","Bachelor","Very High","Better"
101434,"No",200,25,4907,22,1,25,8,2,"Other","Female","Divorced","Travel_Rarely","Sales","2","Sales Executive","3",0,"4",6,"3","2",5,3,0,4,"Yes","3K-5K","College","High","Good"
101435,"No",200,17,3482,15,2,52,29,4,"Life Sciences","Male","Divorced","Non-Travel","Sales","1","Sales Representative","4",2,"3",16,"3","2",9,8,0,0,"No","3K-5K","Masters","Very High","Good"
101436,"No",200,12,2436,12,0,44,1,3,"Medical","Male","Single","Travel_Rarely","Research & Development","1","Research Scientist","4",6,"3",6,"2","3",4,3,1,2,"Yes","0-3K","Bachelor","Very High","Better"
101437,"No",200,12,2380,11,0,21,5,1,"Medical","Male","Single","Travel_Rarely","Sales","1","Sales Representative","1",1,"3",2,"6","3",2,2,1,2,"Yes","0-3K","Below College","Low","Better"
101438,"No",200,97,19431,13,0,39,9,3,"Life Sciences","Male","Single","Non-Travel","Research & Development","5","Manager","4",2,"3",21,"3","2",6,0,1,3,"No","12K+","Bachelor","Very High","Good"
101439,"Yes",200,9,1790,19,1,23,9,3,"Marketing","Male","Married","Travel_Frequently","Sales","1","Sales Representative","1",1,"3",1,"3","2",1,0,1,0,"No","0-3K","Bachelor","Low","Good"
101440,"No",200,38,7644,19,2,36,3,3,"Medical","Female","Married","Travel_Rarely","Sales","3","Sales Executive","4",0,"3",10,"2","3",9,7,3,4,"No","5K-8K","Bachelor","Very High","Better"
101441,"No",200,26,5131,13,3,36,4,2,"Life Sciences","Female","Divorced","Travel_Frequently","Research & Development","2","Manufacturing Director","2",7,"3",18,"3","3",4,2,0,2,"No","5K-8K","College","Medium","Better"
101442,"No",200,32,6306,21,1,56,1,4,"Life Sciences","Male","Divorced","Non-Travel","Research & Development","2","Healthcare Representative","3",1,"4",13,"2","2",13,12,1,9,"No","5K-8K","Masters","High","Good"
101443,"Yes",200,24,4787,14,3,29,1,4,"Medical","Male","Married","Travel_Rarely","Research & Development","1","Research Scientist","4",9,"3",4,"3","4",2,2,2,2,"Yes","3K-5K","Masters","Very High","Best"
101444,"No",200,94,18880,11,0,42,2,3,"Life Sciences","Male","Married","Travel_Rarely","Research & Development","5","Manager","3",5,"3",24,"2","2",22,6,4,14,"No","12K+","Bachelor","High","Good"
101445,"Yes",200,12,2339,11,1,56,7,2,"Technical Degree","Male","Married","Travel_Rarely","Research & Development","1","Laboratory Technician","3",8,"3",14,"4","1",10,9,9,8,"No","0-3K","College","High","Bad"
101446,"No",200,68,13570,23,1,41,28,4,"Life Sciences","Female","Married","Travel_Rarely","Research & Development","4","Manufacturing Director","2",0,"4",21,"3","3",20,7,0,10,"No","12K+","Masters","Medium","Better"
101447,"No",200,34,6712,21,2,34,28,3,"Marketing","Female","Married","Travel_Rarely","Sales","2","Sales Executive","3",1,"4",8,"2","3",8,7,1,7,"No","5K-8K","Bachelor","High","Better"
101448,"No",200,27,5406,24,1,36,15,4,"Marketing","Male","Divorced","Non-Travel","Sales","2","Sales Executive","4",1,"4",15,"4","2",15,12,11,11,"No","5K-8K","Masters","Very High","Good"
101449,"No",200,45,8938,11,1,41,3,3,"Life Sciences","Male","Divorced","Travel_Rarely","Sales","2","Sales Executive","2",2,"3",14,"5","3",5,4,0,4,"No","8K-12K","Bachelor","Medium","Better"
101450,"No",200,12,2439,14,0,32,2,3,"Technical Degree","Male","Single","Travel_Rarely","Research & Development","1","Research Scientist","1",1,"3",4,"4","3",4,2,1,2,"No","0-3K","Bachelor","Low","Better"
101451,"No",200,44,8837,16,0,35,26,4,"Life Sciences","Female","Single","Travel_Rarely","Human Resources","3","Human Resources","4",1,"3",9,"2","3",9,0,1,7,"Yes","8K-12K","Masters","Very High","Better"
101452,"No",200,27,5343,11,1,38,10,2,"Life Sciences","Female","Married","Travel_Rarely","Sales","2","Sales Executive","4",1,"3",10,"1","3",10,7,1,9,"No","5K-8K","College","Very High","Better"
101453,"Yes",200,34,6728,12,2,50,1,4,"Life Sciences","Male","Divorced","Travel_Frequently","Sales","2","Sales Executive","3",7,"3",12,"3","3",6,3,0,1,"No","5K-8K","Masters","High","Better"
101454,"No",200,33,6652,13,1,36,11,4,"Marketing","Female","Married","Travel_Rarely","Sales","2","Sales Executive","4",4,"3",8,"2","2",6,3,0,0,"No","5K-8K","Masters","Very High","Good"
101455,"No",200,24,4850,15,0,45,20,3,"Life Sciences","Female","Single","Travel_Rarely","Sales","2","Sales Executive","3",8,"3",8,"3","3",5,3,0,1,"No","3K-5K","Bachelor","High","Better"
101456,"No",200,14,2809,14,0,40,2,4,"Life Sciences","Male","Single","Travel_Rarely","Research & Development","1","Research Scientist","3",2,"3",8,"2","3",2,2,2,2,"No","0-3K","Masters","High","Better"
101457,"No",200,28,5689,14,2,35,18,4,"Life Sciences","Male","Married","Travel_Frequently","Research & Development","2","Healthcare Representative","3",1,"3",10,"2","4",10,2,0,2,"Yes","5K-8K","Masters","High","Best"
101458,"No",200,10,2001,14,3,40,2,4,"Medical","Female","Married","Travel_Rarely","Research & Development","1","Research Scientist","3",2,"3",20,"2","3",5,3,0,2,"No","0-3K","Masters","High","Better"
101459,"No",200,15,2977,12,1,35,1,4,"Life Sciences","Female","Married","Travel_Rarely","Research & Development","1","Research Scientist","4",1,"3",4,"5","3",4,3,1,1,"No","0-3K","Masters","Very High","Better"
101460,"No",200,20,4025,13,1,29,13,2,"Other","Male","Married","Travel_Rarely","Research & Development","2","Laboratory Technician","2",4,"3",10,"2","3",4,3,0,3,"Yes","3K-5K","College","Medium","Better"
101461,"No",200,19,3785,14,0,29,28,4,"Medical","Female","Single","Travel_Rarely","Research & Development","1","Research Scientist","1",1,"2",5,"3","1",5,4,0,4,"No","3K-5K","Masters","Low","Bad"
101462,"Yes",200,54,10854,13,1,50,28,3,"Marketing","Male","Divorced","Travel_Rarely","Sales","3","Sales Executive","1",4,"3",20,"3","3",3,2,2,0,"Yes","8K-12K","Bachelor","Low","Better"
101463,"No",200,60,12031,11,1,39,24,1,"Marketing","Female","Married","Travel_Rarely","Sales","4","Sales Executive","4",0,"3",21,"2","2",20,9,9,6,"No","12K+","Below College","Very High","Good"
101464,"No",200,50,9936,19,0,31,5,3,"Medical","Male","Single","Non-Travel","Research & Development","2","Manufacturing Director","1",0,"3",10,"2","3",9,4,1,7,"No","8K-12K","Bachelor","Low","Better"
101465,"No",200,15,2966,18,0,26,5,3,"Other","Female","Single","Travel_Rarely","Sales","1","Sales Representative","3",0,"3",5,"2","3",4,2,0,0,"No","0-3K","Bachelor","High","Better"
101466,"No",200,13,2571,17,1,36,23,2,"Medical","Male","Married","Travel_Frequently","Research & Development","2","Laboratory Technician","4",4,"3",17,"3","3",5,2,0,3,"No","0-3K","College","Very High","Better"
101467,"No",200,50,9991,15,1,39,6,1,"Medical","Male","Married","Travel_Rarely","Research & Development","3","Healthcare Representative","1",4,"3",9,"5","3",7,7,1,7,"No","8K-12K","Below College","Low","Better"
101468,"No",200,31,6142,20,1,27,4,3,"Life Sciences","Male","Married","Travel_Rarely","Research & Development","2","Manufacturing Director","2",1,"4",6,"0","3",6,2,0,3,"Yes","5K-8K","Bachelor","Medium","Better"
101469,"No",200,27,5390,14,0,49,2,3,"Medical","Male","Married","Travel_Frequently","Sales","2","Sales Executive","2",2,"2",17,"3","2",9,6,0,8,"No","5K-8K","Bachelor","Medium","Good"
101470,"No",200,22,4404,12,0,34,8,3,"Medical","Male","Married","Travel_Rarely","Research & Development","2","Laboratory Technician","3",2,"3",6,"3","4",4,3,1,2,"No","3K-5K","Bachelor","High","Best"
